county,color
"Houston, AL",#54CC84
"Henry, AL",#2FC169
"Geneva, AL",#0CA44D
"Dale, AL",#2FC169
"Coffee, AL",#54CC84
"Covington, AL",#54CC84
"Mobile, AL",#2FC169
"Baldwin, AL",#2FC169
"Escambia, AL",#2FC169
"Conecuh, AL",#54CC84
"Washington, AL",#2FC169
"Choctaw, AL",#0CA44D
"Clarke, AL",#0CA44D
"Monroe, AL",#2FC169
"Wilcox, AL",#54CC84
"Butler, AL",#2FC169
"Crenshaw, AL",#54CC84
"Pike, AL",#2FC169
"Bullock, AL",#2FC169
"Macon, AL",#2FC169
"Lowndes, AL",#2FC169
"Montgomery, AL",#2FC169
"Elmore, AL",#2FC169
"Autauga, AL",#78D79E
"Dallas, AL",#2FC169
"Marengo, AL",#2FC169
"Sumter, AL",#FFFFFF
"Perry, AL",#2FC169
"Chilton, AL",#0CA44D
"Coosa, AL",#54CC84
"Tallapoosa, AL",#FFFFFF
"Clay, AL",#0CA44D
"Talladega, AL",#FFFFFF
"Shelby, AL",#2FC169
"Bibb, AL",#2FC169
"Hale, AL",#2FC169
"Greene, AL",#0CA44D
"Pickens, AL",#2FC169
"Tuscaloosa, AL",#0CA44D
"Jefferson, AL",#2FC169
"Walker, AL",#2FC169
"Lamar, AL",#2FC169
"Fayette, AL",#2FC169
"Franklin, AL",#2FC169
"Marion, AL",#2FC169
"Winston, AL",#54CC84
"Cullman, AL",#2FC169
"Blount, AL",#2FC169
"St. Clair, AL",#2FC169
"Calhoun, AL",#0CA44D
"Etowah, AL",#2FC169
"Marshall, AL",#2FC169
"Morgan, AL",#2FC169
"Lawrence, AL",#2FC169
"Colbert, AL",#54CC84
"Lauderdale, AL",#2FC169
"Limestone, AL",#2FC169
"Madison, AL",#2FC169
"Jackson, AL",#2FC169
"DeKalb, AL",#2FC169
"Cherokee, AL",#0CA44D
"Cleburne, AL",#0CA44D
"Randolph, AL",#0F934A
"Chambers, AL",#0CA44D
"Lee, AL",#2FC169
"Russell, AL",#2FC169
"Barbour, AL",#2FC169
"North Slope, AK",#54CC84
"Northwest Arctic, AK",#54CC84
"Prince of Wales-Hyder, AK",#0F934A
"Ketchikan Gateway, AK",#2FC169
"Wrangell, AK",#54CC84
"Petersburg, AK",#2FC169
"Sitka, AK",#2FC169
"Haines, AK",#2FC169
"Juneau, AK",#2FC169
"Skagway, AK",#2FC169
"Hoonah-Angoon, AK",#54CC84
"Yakutat, AK",#2FC169
"Aleutians West, AK",#0F934A
"Aleutians East, AK",#0F934A
"Kodiak Island, AK",#2FC169
"Bristol Bay, AK",#2FC169
"Dillingham, AK",#2FC169
"Lake and Peninsula, AK",#2FC169
"Kenai Peninsula, AK",#2FC169
"Anchorage, AK",#0F934A
"Chugach, AK",#0CA44D
"Copper River, AK",#54CC84
"Matanuska-Susitna, AK",#2FC169
"Southeast Fairbanks, AK",#2FC169
"Fairbanks North Star, AK",#2FC169
"Denali, AK",#2FC169
"Bethel, AK",#2FC169
"Kusilvak, AK",#0CA44D
"Nome, AK",#54CC84
"Yukon-Koyukuk, AK",#2FC169
"Apache, AZ",#0F934A
"Cochise, AZ",#54CC84
"Coconino, AZ",#54CC84
"Gila, AZ",#0CA44D
"Greenlee, AZ",#0CA44D
"Graham, AZ",#0CA44D
"La Paz, AZ",#2FC169
"Maricopa, AZ",#2FC169
"Mohave, AZ",#2FC169
"Navajo, AZ",#2FC169
"Pima, AZ",#2FC169
"Pinal, AZ",#2FC169
"Santa Cruz, AZ",#2FC169
"Yavapai, AZ",#2FC169
"Yuma, AZ",#2FC169
"Chicot, AR",#0CA44D
"Ashley, AR",#78D79E
"Pope, AR",#2FC169
"Newton, AR",#78D79E
"Madison, AR",#2FC169
"Franklin, AR",#2FC169
"Johnson, AR",#2FC169
"Logan, AR",#2FC169
"Yell, AR",#2FC169
"Perry, AR",#2FC169
"Conway, AR",#54CC84
"Faulkner, AR",#2FC169
"Van Buren, AR",#0F934A
"Searcy, AR",#2FC169
"Stone, AR",#FFFFFF
"Cleburne, AR",#0CA44D
"White, AR",#2FC169
"Independence, AR",#2FC169
"Jackson, AR",#2FC169
"Woodruff, AR",#54CC84
"St. Francis, AR",#2FC169
"Crittenden, AR",#54CC84
"Cross, AR",#54CC84
"Poinsett, AR",#2FC169
"Mississippi, AR",#2FC169
"Craighead, AR",#54CC84
"Izard, AR",#2FC169
"Lawrence, AR",#2FC169
"Sharp, AR",#2FC169
"Greene, AR",#0CA44D
"Clay, AR",#0CA44D
"Randolph, AR",#0F934A
"Fulton, AR",#2FC169
"Baxter, AR",#2FC169
"Marion, AR",#2FC169
"Boone, AR",#2FC169
"Carroll, AR",#0CA44D
"Benton, AR",#2FC169
"Washington, AR",#2FC169
"Crawford, AR",#54CC84
"Sebastian, AR",#2FC169
"Scott, AR",#2FC169
"Montgomery, AR",#2FC169
"Garland, AR",#0CA44D
"Saline, AR",#2FC169
"Pulaski, AR",#0F934A
"Lonoke, AR",#2FC169
"Prairie, AR",#0F934A
"Monroe, AR",#2FC169
"Lee, AR",#2FC169
"Phillips, AR",#2FC169
"Jefferson, AR",#2FC169
"Grant, AR",#0CA44D
"Hot Spring, AR",#54CC84
"Dallas, AR",#2FC169
"Cleveland, AR",#0CA44D
"Lincoln, AR",#2FC169
"Arkansas, AR",#0CA44D
"Desha, AR",#2FC169
"Drew, AR",#2FC169
"Bradley, AR",#2FC169
"Calhoun, AR",#0CA44D
"Ouachita, AR",#2FC169
"Nevada, AR",#78D79E
"Hempstead, AR",#2FC169
"Clark, AR",#0CA44D
"Pike, AR",#2FC169
"Howard, AR",#54CC84
"Polk, AR",#2FC169
"Sevier, AR",#2FC169
"Little River, AR",#2FC169
"Miller, AR",#2FC169
"Lafayette, AR",#2FC169
"Columbia, AR",#54CC84
"Union, AR",#137046
"Del Norte, CA",#2FC169
"Siskiyou, CA",#2FC169
"Imperial, CA",#2FC169
"Riverside, CA",#2FC169
"San Diego, CA",#2FC169
"Orange, CA",#2FC169
"Los Angeles, CA",#2FC169
"Ventura, CA",#0F934A
"Santa Barbara, CA",#2FC169
"San Luis Obispo, CA",#2FC169
"Kern, CA",#2FC169
"San Bernardino, CA",#2FC169
"Inyo, CA",#2FC169
"Tulare, CA",#0CA44D
"Kings, CA",#2FC169
"Madera, CA",#2FC169
"Fresno, CA",#2FC169
"Monterey, CA",#2FC169
"San Benito, CA",#2FC169
"Merced, CA",#2FC169
"Santa Cruz, CA",#2FC169
"San Mateo, CA",#2FC169
"Alameda, CA",#0F934A
"Santa Clara, CA",#2FC169
"Stanislaus, CA",#2FC169
"Mariposa, CA",#2FC169
"Tuolumne, CA",#0CA44D
"Mono, CA",#2FC169
"Alpine, CA",#0F934A
"Calaveras, CA",#0CA44D
"Amador, CA",#0F934A
"San Joaquin, CA",#2FC169
"Contra Costa, CA",#54CC84
"El Dorado, CA",#2FC169
"Sacramento, CA",#2FC169
"Solano, CA",#2FC169
"San Francisco, CA",#2FC169
"Marin, CA",#2FC169
"Napa, CA",#2FC169
"Sonoma, CA",#2FC169
"Yolo, CA",#2FC169
"Placer, CA",#2FC169
"Nevada, CA",#78D79E
"Sierra, CA",#2FC169
"Yuba, CA",#2FC169
"Sutter, CA",#FFFFFF
"Colusa, CA",#54CC84
"Lake, CA",#2FC169
"Butte, CA",#2FC169
"Glenn, CA",#0CA44D
"Plumas, CA",#2FC169
"Tehama, CA",#FFFFFF
"Mendocino, CA",#2FC169
"Humboldt, CA",#54CC84
"Trinity, CA",#0CA44D
"Shasta, CA",#2FC169
"Lassen, CA",#2FC169
"Modoc, CA",#2FC169
"Montezuma, CO",#2FC169
"La Plata, CO",#2FC169
"Prowers, CO",#0F934A
"Bent, CO",#2FC169
"Kiowa, CO",#2FC169
"Cheyenne, CO",#0CA44D
"Kit Carson, CO",#2FC169
"Yuma, CO",#2FC169
"Washington, CO",#2FC169
"Phillips, CO",#2FC169
"Sedgwick, CO",#2FC169
"Logan, CO",#2FC169
"Morgan, CO",#2FC169
"Baca, CO",#2FC169
"Otero, CO",#2FC169
"Crowley, CO",#54CC84
"Lincoln, CO",#2FC169
"Elbert, CO",#2FC169
"Arapahoe, CO",#0CA44D
"Weld, CO",#2FC169
"Adams, CO",#FFFFFF
"Denver, CO",#2FC169
"Douglas, CO",#2FC169
"El Paso, CO",#2FC169
"Teller, CO",#FFFFFF
"Pueblo, CO",#0F934A
"Las Animas, CO",#2FC169
"Huerfano, CO",#54CC84
"Costilla, CO",#54CC84
"Conejos, CO",#54CC84
"Alamosa, CO",#0F934A
"Rio Grande, CO",#2FC169
"Custer, CO",#2FC169
"Fremont, CO",#2FC169
"Saguache, CO",#2FC169
"Chaffee, CO",#0CA44D
"Gunnison, CO",#2FC169
"Pitkin, CO",#2FC169
"Lake, CO",#2FC169
"Park, CO",#2FC169
"Jefferson, CO",#2FC169
"Gilpin, CO",#0CA44D
"Clear Creek, CO",#0CA44D
"Summit, CO",#FFFFFF
"Eagle, CO",#2FC169
"Boulder, CO",#2FC169
"Grand, CO",#0CA44D
"Larimer, CO",#2FC169
"Jackson, CO",#2FC169
"Routt, CO",#2FC169
"Moffat, CO",#2FC169
"Rio Blanco, CO",#2FC169
"Garfield, CO",#0CA44D
"Delta, CO",#2FC169
"Mesa, CO",#2FC169
"Montrose, CO",#2FC169
"San Juan, CO",#2FC169
"Dolores, CO",#2FC169
"San Miguel, CO",#2FC169
"Ouray, CO",#2FC169
"Hinsdale, CO",#54CC84
"Mineral, CO",#2FC169
"Archuleta, CO",#0CA44D
"Broomfield, CO",#2FC169
"Fairfield, CT",#2FC169
"Hartford, CT",#2FC169
"Litchfield, CT",#2FC169
"Middlesex, CT",#2FC169
"New_Haven, CT",#78D79E
"New_London, CT",#78D79E
"Tolland, CT",#0CA44D
"Windham, CT",#54CC84
"Kent, DE",#2FC169
"New_Castle, DE",#78D79E
"Sussex, DE",#FFFFFF
"Bay, FL",#2FC169
"Jackson, FL",#2FC169
"Charlotte, FL",#0CA44D
"Lee, FL",#2FC169
"Hendry, FL",#2FC169
"Collier, FL",#54CC84
"Monroe, FL",#2FC169
"Miami-Dade, FL",#2FC169
"Broward, FL",#2FC169
"Palm Beach, FL",#2FC169
"Sarasota, FL",#2FC169
"DeSoto, FL",#2FC169
"Glades, FL",#0CA44D
"Martin, FL",#2FC169
"St. Lucie, FL",#2FC169
"Indian River, FL",#2FC169
"Okeechobee, FL",#2FC169
"Highlands, FL",#54CC84
"Hardee, FL",#2FC169
"Manatee, FL",#2FC169
"Pinellas, FL",#2FC169
"Hillsborough, FL",#54CC84
"Hernando, FL",#2FC169
"Pasco, FL",#2FC169
"Osceola, FL",#2FC169
"Polk, FL",#2FC169
"Orange, FL",#2FC169
"Seminole, FL",#2FC169
"Lake, FL",#2FC169
"Sumter, FL",#FFFFFF
"Citrus, FL",#0CA44D
"Levy, FL",#2FC169
"Marion, FL",#2FC169
"Volusia, FL",#78D79E
"Brevard, FL",#2FC169
"Washington, FL",#2FC169
"Holmes, FL",#54CC84
"Walton, FL",#2FC169
"Okaloosa, FL",#2FC169
"Santa Rosa, FL",#2FC169
"Escambia, FL",#2FC169
"Calhoun, FL",#0CA44D
"Gulf, FL",#2FC169
"Franklin, FL",#2FC169
"Dixie, FL",#2FC169
"Gilchrist, FL",#0CA44D
"Alachua, FL",#0F934A
"Putnam, FL",#0F934A
"Flagler, FL",#2FC169
"St. Johns, FL",#2FC169
"Clay, FL",#0CA44D
"Bradford, FL",#2FC169
"Union, FL",#137046
"Suwannee, FL",#FFFFFF
"Lafayette, FL",#2FC169
"Taylor, FL",#FFFFFF
"Wakulla, FL",#2FC169
"Liberty, FL",#2FC169
"Gadsden, FL",#0CA44D
"Leon, FL",#2FC169
"Jefferson, FL",#2FC169
"Madison, FL",#2FC169
"Hamilton, FL",#2FC169
"Columbia, FL",#54CC84
"Baker, FL",#2FC169
"Duval, FL",#2FC169
"Nassau, FL",#2FC169
"Rabun, GA",#0F934A
"Towns, GA",#0CA44D
"Mitchell, GA",#2FC169
"Baker, GA",#2FC169
"Miller, GA",#2FC169
"Early, GA",#2FC169
"Seminole, GA",#2FC169
"Decatur, GA",#2FC169
"Grady, GA",#0CA44D
"Thomas, GA",#FFFFFF
"Brooks, GA",#2FC169
"Colquitt, GA",#54CC84
"Cook, GA",#54CC84
"Lanier, GA",#2FC169
"Lowndes, GA",#2FC169
"Echols, GA",#2FC169
"Clinch, GA",#0CA44D
"Atkinson, GA",#78D79E
"Berrien, GA",#2FC169
"Irwin, GA",#2FC169
"Tift, GA",#FFFFFF
"Worth, GA",#54CC84
"Dougherty, GA",#2FC169
"Calhoun, GA",#0CA44D
"Clay, GA",#0CA44D
"Quitman, GA",#0F934A
"Randolph, GA",#0F934A
"Terrell, GA",#FFFFFF
"Lee, GA",#2FC169
"Crisp, GA",#54CC84
"Turner, GA",#0CA44D
"Ben Hill, GA",#2FC169
"Coffee, GA",#54CC84
"Bacon, GA",#2FC169
"Wayne, GA",#2FC169
"Pierce, GA",#2FC169
"Brantley, GA",#2FC169
"Ware, GA",#2FC169
"Charlton, GA",#0CA44D
"Camden, GA",#0CA44D
"Glynn, GA",#0CA44D
"McIntosh, GA",#2FC169
"Heard, GA",#2FC169
"Haralson, GA",#2FC169
"Polk, GA",#2FC169
"Floyd, GA",#2FC169
"Chattooga, GA",#0CA44D
"Whitfield, GA",#2FC169
"Catoosa, GA",#0CA44D
"Walker, GA",#2FC169
"Dade, GA",#2FC169
"Long, GA",#2FC169
"Appling, GA",#0F934A
"Jeff Davis, GA",#2FC169
"Stewart, GA",#FFFFFF
"Webster, GA",#2FC169
"Sumter, GA",#FFFFFF
"Wilcox, GA",#54CC84
"Telfair, GA",#FFFFFF
"Wheeler, GA",#2FC169
"Dodge, GA",#2FC169
"Pulaski, GA",#0F934A
"Dooly, GA",#2FC169
"Macon, GA",#2FC169
"Schley, GA",#2FC169
"Marion, GA",#2FC169
"Chattahoochee, GA",#0CA44D
"Muscogee, GA",#2FC169
"Taylor, GA",#FFFFFF
"Talbot, GA",#FFFFFF
"Harris, GA",#2FC169
"Troup, GA",#0CA44D
"Carroll, GA",#0CA44D
"Paulding, GA",#2FC169
"Murray, GA",#2FC169
"Gordon, GA",#0CA44D
"Bartow, GA",#2FC169
"Cobb, GA",#54CC84
"Douglas, GA",#2FC169
"Coweta, GA",#54CC84
"Meriwether, GA",#2FC169
"Pike, GA",#2FC169
"Upson, GA",#137046
"Crawford, GA",#54CC84
"Peach, GA",#2FC169
"Houston, GA",#54CC84
"Bleckley, GA",#2FC169
"Laurens, GA",#2FC169
"Wilkinson, GA",#54CC84
"Twiggs, GA",#0CA44D
"Bibb, GA",#2FC169
"Baldwin, GA",#2FC169
"Jones, GA",#2FC169
"Monroe, GA",#2FC169
"Lamar, GA",#2FC169
"Spalding, GA",#2FC169
"Fayette, GA",#2FC169
"Clayton, GA",#0CA44D
"Butts, GA",#2FC169
"Henry, GA",#2FC169
"DeKalb, GA",#2FC169
"Fulton, GA",#2FC169
"Cherokee, GA",#0CA44D
"Pickens, GA",#2FC169
"Dawson, GA",#2FC169
"Forsyth, GA",#2FC169
"Gwinnett, GA",#2FC169
"Rockdale, GA",#2FC169
"Jasper, GA",#2FC169
"Newton, GA",#78D79E
"Walton, GA",#2FC169
"Barrow, GA",#2FC169
"Jackson, GA",#2FC169
"Clarke, GA",#0CA44D
"Oconee, GA",#0CA44D
"Morgan, GA",#2FC169
"Putnam, GA",#0F934A
"Hancock, GA",#2FC169
"Taliaferro, GA",#FFFFFF
"Greene, GA",#0CA44D
"Oglethorpe, GA",#0CA44D
"Wilkes, GA",#54CC84
"Warren, GA",#2FC169
"McDuffie, GA",#2FC169
"Glascock, GA",#0CA44D
"Jefferson, GA",#2FC169
"Washington, GA",#2FC169
"Johnson, GA",#2FC169
"Treutlen, GA",#0CA44D
"Montgomery, GA",#2FC169
"Toombs, GA",#0CA44D
"Liberty, GA",#2FC169
"Evans, GA",#2FC169
"Tattnall, GA",#FFFFFF
"Candler, GA",#0CA44D
"Emanuel, GA",#2FC169
"Chatham, GA",#0CA44D
"Bryan, GA",#2FC169
"Bulloch, GA",#2FC169
"Jenkins, GA",#2FC169
"Effingham, GA",#2FC169
"Screven, GA",#2FC169
"Burke, GA",#2FC169
"Richmond, GA",#2FC169
"Columbia, GA",#54CC84
"Lincoln, GA",#2FC169
"Elbert, GA",#2FC169
"Madison, GA",#2FC169
"Banks, GA",#2FC169
"Hall, GA",#2FC169
"Lumpkin, GA",#2FC169
"Gilmer, GA",#0CA44D
"Fannin, GA",#2FC169
"Union, GA",#137046
"White, GA",#2FC169
"Habersham, GA",#2FC169
"Hart, GA",#2FC169
"Franklin, GA",#2FC169
"Stephens, GA",#FFFFFF
"Hawaii, HI",#2FC169
"Honolulu, HI",#54CC84
"Kalawao, HI",#2FC169
"Kauai, HI",#2FC169
"Maui, HI",#2FC169
"Fremont, ID",#2FC169
"Clark, ID",#0CA44D
"Benewah, ID",#2FC169
"Kootenai, ID",#2FC169
"Bonner, ID",#2FC169
"Boundary, ID",#2FC169
"Latah, ID",#2FC169
"Nez Perce, ID",#78D79E
"Lewis, ID",#2FC169
"Adams, ID",#FFFFFF
"Washington, ID",#2FC169
"Payette, ID",#2FC169
"Boise, ID",#2FC169
"Gem, ID",#0CA44D
"Canyon, ID",#0CA44D
"Ada, ID",#FFFFFF
"Elmore, ID",#2FC169
"Owyhee, ID",#2FC169
"Camas, ID",#0CA44D
"Gooding, ID",#0CA44D
"Jerome, ID",#2FC169
"Twin Falls, ID",#0CA44D
"Cassia, ID",#0CA44D
"Oneida, ID",#2FC169
"Power, ID",#2FC169
"Bannock, ID",#2FC169
"Franklin, ID",#2FC169
"Bear Lake, ID",#2FC169
"Caribou, ID",#0CA44D
"Minidoka, ID",#2FC169
"Lincoln, ID",#2FC169
"Bonneville, ID",#2FC169
"Bingham, ID",#2FC169
"Blaine, ID",#2FC169
"Valley, ID",#0F934A
"Shoshone, ID",#2FC169
"Clearwater, ID",#0CA44D
"Idaho, ID",#2FC169
"Custer, ID",#2FC169
"Lemhi, ID",#2FC169
"Butte, ID",#2FC169
"Jefferson, ID",#2FC169
"Madison, ID",#2FC169
"Teton, ID",#FFFFFF
"Vermilion, IL",#0F934A
"Iroquois, IL",#2FC169
"Alexander, IL",#0F934A
"Pulaski, IL",#0F934A
"Massac, IL",#2FC169
"Hardin, IL",#2FC169
"Pope, IL",#2FC169
"Johnson, IL",#2FC169
"Union, IL",#137046
"Gallatin, IL",#0CA44D
"Saline, IL",#2FC169
"Williamson, IL",#54CC84
"Jackson, IL",#2FC169
"Monroe, IL",#2FC169
"Randolph, IL",#0F934A
"Perry, IL",#2FC169
"Franklin, IL",#2FC169
"Hamilton, IL",#2FC169
"White, IL",#2FC169
"Jefferson, IL",#2FC169
"Washington, IL",#2FC169
"Clinton, IL",#0CA44D
"St. Clair, IL",#2FC169
"Madison, IL",#2FC169
"Bond, IL",#2FC169
"Marion, IL",#2FC169
"Wayne, IL",#2FC169
"Wabash, IL",#2FC169
"Edwards, IL",#2FC169
"Lawrence, IL",#2FC169
"Richland, IL",#2FC169
"Clay, IL",#0CA44D
"Jasper, IL",#2FC169
"Crawford, IL",#54CC84
"Clark, IL",#0CA44D
"Cumberland, IL",#2FC169
"Effingham, IL",#2FC169
"Fayette, IL",#2FC169
"Shelby, IL",#2FC169
"Montgomery, IL",#2FC169
"Jersey, IL",#2FC169
"Macoupin, IL",#2FC169
"Calhoun, IL",#0CA44D
"Greene, IL",#0CA44D
"Christian, IL",#0CA44D
"Coles, IL",#54CC84
"Edgar, IL",#2FC169
"Douglas, IL",#2FC169
"Moultrie, IL",#2FC169
"Macon, IL",#2FC169
"Sangamon, IL",#2FC169
"Morgan, IL",#2FC169
"Scott, IL",#2FC169
"Pike, IL",#2FC169
"Brown, IL",#2FC169
"Adams, IL",#FFFFFF
"Hancock, IL",#2FC169
"McDonough, IL",#2FC169
"Schuyler, IL",#2FC169
"Cass, IL",#0CA44D
"Menard, IL",#2FC169
"Mason, IL",#2FC169
"Logan, IL",#2FC169
"De Witt, IL",#2FC169
"Piatt, IL",#2FC169
"Champaign, IL",#0CA44D
"Ford, IL",#2FC169
"McLean, IL",#2FC169
"Tazewell, IL",#FFFFFF
"Woodford, IL",#54CC84
"Peoria, IL",#2FC169
"Fulton, IL",#2FC169
"Warren, IL",#2FC169
"Henderson, IL",#2FC169
"Mercer, IL",#2FC169
"Knox, IL",#2FC169
"Stark, IL",#2FC169
"Marshall, IL",#2FC169
"Putnam, IL",#0F934A
"Livingston, IL",#2FC169
"Kankakee, IL",#2FC169
"Grundy, IL",#0CA44D
"Will, IL",#54CC84
"Kendall, IL",#2FC169
"LaSalle, IL",#2FC169
"Bureau, IL",#2FC169
"Henry, IL",#2FC169
"Rock Island, IL",#2FC169
"Lee, IL",#2FC169
"Whiteside, IL",#2FC169
"Carroll, IL",#0CA44D
"Ogle, IL",#0CA44D
"DeKalb, IL",#2FC169
"Kane, IL",#2FC169
"DuPage, IL",#2FC169
"Cook, IL",#54CC84
"Lake, IL",#2FC169
"McHenry, IL",#2FC169
"Boone, IL",#2FC169
"Winnebago, IL",#54CC84
"Stephenson, IL",#FFFFFF
"Jo Daviess, IL",#2FC169
"Porter, IN",#2FC169
"Lake, IN",#2FC169
"Perry, IN",#2FC169
"Spencer, IN",#2FC169
"Warrick, IN",#2FC169
"Vanderburgh, IN",#0F934A
"Posey, IN",#2FC169
"Gibson, IN",#0CA44D
"Pike, IN",#2FC169
"Dubois, IN",#2FC169
"Crawford, IN",#54CC84
"Harrison, IN",#2FC169
"Floyd, IN",#2FC169
"Clark, IN",#0CA44D
"Ohio, IN",#0F934A
"Switzerland, IN",#FFFFFF
"Jefferson, IN",#2FC169
"Scott, IN",#2FC169
"Washington, IN",#2FC169
"Orange, IN",#2FC169
"Martin, IN",#2FC169
"Daviess, IN",#2FC169
"Knox, IN",#2FC169
"Sullivan, IN",#FFFFFF
"Greene, IN",#0CA44D
"Lawrence, IN",#2FC169
"Jackson, IN",#2FC169
"Jennings, IN",#2FC169
"Ripley, IN",#2FC169
"Dearborn, IN",#2FC169
"Franklin, IN",#2FC169
"Decatur, IN",#2FC169
"Bartholomew, IN",#2FC169
"Brown, IN",#2FC169
"Monroe, IN",#2FC169
"Owen, IN",#2FC169
"Clay, IN",#0CA44D
"Vigo, IN",#78D79E
"Vermillion, IN",#0F934A
"Parke, IN",#2FC169
"Putnam, IN",#0F934A
"Morgan, IN",#2FC169
"Johnson, IN",#2FC169
"Shelby, IN",#2FC169
"Rush, IN",#2FC169
"Fayette, IN",#2FC169
"Union, IN",#137046
"Wayne, IN",#2FC169
"Henry, IN",#2FC169
"Hancock, IN",#2FC169
"Marion, IN",#2FC169
"Hendricks, IN",#2FC169
"Boone, IN",#2FC169
"Hamilton, IN",#2FC169
"Randolph, IN",#0F934A
"Delaware, IN",#2FC169
"Madison, IN",#2FC169
"Tipton, IN",#FFFFFF
"Clinton, IN",#0CA44D
"Montgomery, IN",#2FC169
"Fountain, IN",#2FC169
"Jay, IN",#2FC169
"Blackford, IN",#2FC169
"Grant, IN",#0CA44D
"Howard, IN",#54CC84
"Carroll, IN",#0CA44D
"Tippecanoe, IN",#FFFFFF
"Warren, IN",#2FC169
"Benton, IN",#2FC169
"Adams, IN",#FFFFFF
"Wells, IN",#2FC169
"Huntington, IN",#54CC84
"Wabash, IN",#2FC169
"Miami, IN",#2FC169
"Cass, IN",#0CA44D
"White, IN",#2FC169
"Allen, IN",#0F934A
"Whitley, IN",#2FC169
"Fulton, IN",#2FC169
"Pulaski, IN",#0F934A
"DeKalb, IN",#2FC169
"Noble, IN",#54CC84
"Kosciusko, IN",#2FC169
"Marshall, IN",#2FC169
"Starke, IN",#2FC169
"Jasper, IN",#2FC169
"Newton, IN",#78D79E
"Steuben, IN",#FFFFFF
"LaGrange, IN",#2FC169
"Elkhart, IN",#2FC169
"St. Joseph, IN",#2FC169
"LaPorte, IN",#2FC169
"Scott, IA",#2FC169
"Clinton, IA",#0CA44D
"Lyon, IA",#2FC169
"Sioux, IA",#2FC169
"Plymouth, IA",#2FC169
"Cherokee, IA",#0CA44D
"O Brien, IA",#0CA44D
"Osceola, IA",#2FC169
"Dickinson, IA",#2FC169
"Clay, IA",#0CA44D
"Buena Vista, IA",#2FC169
"Pocahontas, IA",#2FC169
"Palo Alto, IA",#2FC169
"Emmet, IA",#2FC169
"Kossuth, IA",#2FC169
"Humboldt, IA",#54CC84
"Woodbury, IA",#54CC84
"Ida, IA",#2FC169
"Sac, IA",#2FC169
"Calhoun, IA",#0CA44D
"Webster, IA",#2FC169
"Greene, IA",#0CA44D
"Carroll, IA",#0CA44D
"Crawford, IA",#54CC84
"Monona, IA",#2FC169
"Harrison, IA",#2FC169
"Shelby, IA",#2FC169
"Audubon, IA",#78D79E
"Guthrie, IA",#2FC169
"Adair, IA",#FFFFFF
"Cass, IA",#0CA44D
"Pottawattamie, IA",#2FC169
"Fremont, IA",#2FC169
"Mills, IA",#2FC169
"Montgomery, IA",#2FC169
"Page, IA",#2FC169
"Taylor, IA",#FFFFFF
"Adams, IA",#FFFFFF
"Union, IA",#137046
"Ringgold, IA",#2FC169
"Decatur, IA",#2FC169
"Clarke, IA",#0CA44D
"Madison, IA",#2FC169
"Dallas, IA",#2FC169
"Boone, IA",#2FC169
"Hamilton, IA",#2FC169
"Wright, IA",#54CC84
"Hancock, IA",#2FC169
"Winnebago, IA",#54CC84
"Worth, IA",#54CC84
"Cerro Gordo, IA",#0CA44D
"Franklin, IA",#2FC169
"Hardin, IA",#2FC169
"Story, IA",#FFFFFF
"Polk, IA",#2FC169
"Warren, IA",#2FC169
"Lucas, IA",#2FC169
"Wayne, IA",#2FC169
"Appanoose, IA",#0F934A
"Monroe, IA",#2FC169
"Marion, IA",#2FC169
"Jasper, IA",#2FC169
"Marshall, IA",#2FC169
"Grundy, IA",#0CA44D
"Butler, IA",#2FC169
"Floyd, IA",#2FC169
"Mitchell, IA",#2FC169
"Howard, IA",#54CC84
"Chickasaw, IA",#0CA44D
"Bremer, IA",#2FC169
"Black Hawk, IA",#2FC169
"Tama, IA",#FFFFFF
"Poweshiek, IA",#2FC169
"Mahaska, IA",#2FC169
"Wapello, IA",#2FC169
"Davis, IA",#2FC169
"Van Buren, IA",#0F934A
"Jefferson, IA",#2FC169
"Benton, IA",#2FC169
"Iowa, IA",#2FC169
"Keokuk, IA",#2FC169
"Washington, IA",#2FC169
"Henry, IA",#2FC169
"Lee, IA",#2FC169
"Des Moines, IA",#2FC169
"Louisa, IA",#2FC169
"Muscatine, IA",#2FC169
"Johnson, IA",#2FC169
"Linn, IA",#2FC169
"Cedar, IA",#0CA44D
"Jones, IA",#2FC169
"Buchanan, IA",#2FC169
"Fayette, IA",#2FC169
"Winneshiek, IA",#54CC84
"Allamakee, IA",#0F934A
"Clayton, IA",#0CA44D
"Delaware, IA",#2FC169
"Dubuque, IA",#2FC169
"Jackson, IA",#2FC169
"Doniphan, KS",#2FC169
"Brown, KS",#2FC169
"Stanton, KS",#2FC169
"Morton, KS",#2FC169
"Stevens, KS",#FFFFFF
"Grant, KS",#0CA44D
"Haskell, KS",#2FC169
"Seward, KS",#2FC169
"Meade, KS",#2FC169
"Gray, KS",#0CA44D
"Ford, KS",#2FC169
"Clark, KS",#0CA44D
"Comanche, KS",#54CC84
"Kiowa, KS",#2FC169
"Edwards, KS",#2FC169
"Pratt, KS",#0F934A
"Barber, KS",#2FC169
"Harper, KS",#2FC169
"Kingman, KS",#2FC169
"Reno, KS",#0F934A
"Harvey, KS",#2FC169
"Sedgwick, KS",#2FC169
"Sumner, KS",#FFFFFF
"Cowley, KS",#54CC84
"Butler, KS",#2FC169
"Chautauqua, KS",#0CA44D
"Elk, KS",#2FC169
"Greenwood, KS",#0CA44D
"Montgomery, KS",#2FC169
"Wilson, KS",#54CC84
"Woodson, KS",#54CC84
"Labette, KS",#2FC169
"Neosho, KS",#78D79E
"Allen, KS",#0F934A
"Cherokee, KS",#0CA44D
"Crawford, KS",#54CC84
"Bourbon, KS",#2FC169
"Hamilton, KS",#2FC169
"Greeley, KS",#0CA44D
"Wallace, KS",#2FC169
"Sherman, KS",#2FC169
"Cheyenne, KS",#0CA44D
"Stafford, KS",#2FC169
"Kearny, KS",#2FC169
"Finney, KS",#2FC169
"Hodgeman, KS",#54CC84
"Pawnee, KS",#2FC169
"Coffey, KS",#54CC84
"Anderson, KS",#0F934A
"Linn, KS",#2FC169
"Miami, KS",#2FC169
"Franklin, KS",#2FC169
"Osage, KS",#2FC169
"Lyon, KS",#2FC169
"Chase, KS",#0CA44D
"Morris, KS",#2FC169
"Marion, KS",#2FC169
"McPherson, KS",#2FC169
"Rice, KS",#2FC169
"Saline, KS",#2FC169
"Ellsworth, KS",#2FC169
"Barton, KS",#2FC169
"Rush, KS",#2FC169
"Ness, KS",#78D79E
"Lane, KS",#2FC169
"Scott, KS",#2FC169
"Wichita, KS",#54CC84
"Logan, KS",#2FC169
"Gove, KS",#0CA44D
"Trego, KS",#0CA44D
"Ellis, KS",#2FC169
"Russell, KS",#2FC169
"Lincoln, KS",#2FC169
"Ottawa, KS",#2FC169
"Dickinson, KS",#2FC169
"Geary, KS",#0CA44D
"Wabaunsee, KS",#2FC169
"Shawnee, KS",#2FC169
"Douglas, KS",#2FC169
"Johnson, KS",#2FC169
"Wyandotte, KS",#2FC169
"Leavenworth, KS",#2FC169
"Jefferson, KS",#2FC169
"Atchison, KS",#78D79E
"Jackson, KS",#2FC169
"Pottawatomie, KS",#2FC169
"Riley, KS",#2FC169
"Clay, KS",#0CA44D
"Cloud, KS",#0CA44D
"Mitchell, KS",#2FC169
"Osborne, KS",#2FC169
"Rooks, KS",#2FC169
"Graham, KS",#0CA44D
"Sheridan, KS",#2FC169
"Thomas, KS",#FFFFFF
"Rawlins, KS",#0F934A
"Decatur, KS",#2FC169
"Phillips, KS",#2FC169
"Norton, KS",#54CC84
"Smith, KS",#2FC169
"Jewell, KS",#2FC169
"Republic, KS",#0F934A
"Washington, KS",#2FC169
"Marshall, KS",#2FC169
"Nemaha, KS",#78D79E
"Hickman, KY",#54CC84
"Fulton, KY",#2FC169
"Bell, KY",#2FC169
"Knox, KY",#2FC169
"Whitley, KY",#2FC169
"Laurel, KY",#2FC169
"Clay, KY",#0CA44D
"Leslie, KY",#2FC169
"Harlan, KY",#2FC169
"Letcher, KY",#2FC169
"Knott, KY",#2FC169
"Perry, KY",#2FC169
"Owsley, KY",#2FC169
"Jackson, KY",#2FC169
"Estill, KY",#2FC169
"Lee, KY",#2FC169
"Breathitt, KY",#2FC169
"Floyd, KY",#2FC169
"Johnson, KY",#2FC169
"Magoffin, KY",#2FC169
"Wolfe, KY",#54CC84
"Powell, KY",#2FC169
"Clark, KY",#0CA44D
"Montgomery, KY",#2FC169
"Menifee, KY",#2FC169
"Morgan, KY",#2FC169
"Elliott, KY",#2FC169
"Rowan, KY",#2FC169
"Bath, KY",#2FC169
"Nicholas, KY",#FFFFFF
"Fleming, KY",#2FC169
"Robertson, KY",#2FC169
"Bracken, KY",#2FC169
"Mason, KY",#2FC169
"Lewis, KY",#2FC169
"Boyd, KY",#2FC169
"Greenup, KY",#0CA44D
"Carter, KY",#0CA44D
"Lawrence, KY",#2FC169
"Martin, KY",#2FC169
"Pike, KY",#2FC169
"Harrison, KY",#2FC169
"Bourbon, KY",#2FC169
"Madison, KY",#2FC169
"Rockcastle, KY",#2FC169
"McCreary, KY",#2FC169
"Lincoln, KY",#2FC169
"Garrard, KY",#0CA44D
"Jessamine, KY",#2FC169
"Fayette, KY",#2FC169
"Woodford, KY",#54CC84
"Scott, KY",#2FC169
"Franklin, KY",#2FC169
"Anderson, KY",#0F934A
"Mercer, KY",#2FC169
"Boyle, KY",#2FC169
"Casey, KY",#0CA44D
"Pulaski, KY",#0F934A
"Wayne, KY",#2FC169
"Russell, KY",#2FC169
"Clinton, KY",#0CA44D
"Cumberland, KY",#2FC169
"Adair, KY",#FFFFFF
"Taylor, KY",#FFFFFF
"Marion, KY",#2FC169
"Washington, KY",#2FC169
"Spencer, KY",#2FC169
"Shelby, KY",#2FC169
"Henry, KY",#2FC169
"Owen, KY",#2FC169
"Grant, KY",#0CA44D
"Pendleton, KY",#2FC169
"Campbell, KY",#0CA44D
"Kenton, KY",#2FC169
"Boone, KY",#2FC169
"Gallatin, KY",#0CA44D
"Carroll, KY",#0CA44D
"Trimble, KY",#0CA44D
"Oldham, KY",#2FC169
"Jefferson, KY",#2FC169
"Bullitt, KY",#2FC169
"Nelson, KY",#78D79E
"Larue, KY",#2FC169
"Green, KY",#0CA44D
"Metcalfe, KY",#2FC169
"Monroe, KY",#2FC169
"Simpson, KY",#2FC169
"Allen, KY",#0F934A
"Barren, KY",#2FC169
"Hart, KY",#2FC169
"Hardin, KY",#2FC169
"Meade, KY",#2FC169
"Hancock, KY",#2FC169
"Breckinridge, KY",#2FC169
"Grayson, KY",#0CA44D
"Edmonson, KY",#2FC169
"Warren, KY",#2FC169
"Butler, KY",#2FC169
"Logan, KY",#2FC169
"Todd, KY",#0CA44D
"Muhlenberg, KY",#2FC169
"Ohio, KY",#0F934A
"Daviess, KY",#2FC169
"McLean, KY",#2FC169
"Hopkins, KY",#54CC84
"Christian, KY",#0CA44D
"Trigg, KY",#0CA44D
"Lyon, KY",#2FC169
"Caldwell, KY",#0CA44D
"Webster, KY",#2FC169
"Henderson, KY",#2FC169
"Union, KY",#137046
"Crittenden, KY",#54CC84
"Livingston, KY",#2FC169
"Calloway, KY",#0CA44D
"Marshall, KY",#2FC169
"Graves, KY",#0CA44D
"McCracken, KY",#2FC169
"Carlisle, KY",#0CA44D
"Ballard, KY",#2FC169
"St. Tammany, LA",#2FC169
"Washington, LA",#2FC169
"Red River, LA",#0F934A
"Bienville, LA",#2FC169
"Lincoln, LA",#2FC169
"Jackson, LA",#2FC169
"Winn, LA",#54CC84
"Caldwell, LA",#0CA44D
"Ouachita, LA",#2FC169
"Richland, LA",#2FC169
"Franklin, LA",#2FC169
"Tensas, LA",#FFFFFF
"Madison, LA",#2FC169
"East Carroll, LA",#2FC169
"West Carroll, LA",#2FC169
"Morehouse, LA",#2FC169
"Union, LA",#137046
"Claiborne, LA",#0CA44D
"Webster, LA",#2FC169
"Bossier, LA",#2FC169
"Caddo, LA",#0CA44D
"De Soto, LA",#2FC169
"Sabine, LA",#2FC169
"Natchitoches, LA",#2FC169
"Grant, LA",#0CA44D
"LaSalle, LA",#2FC169
"Catahoula, LA",#0CA44D
"Concordia, LA",#54CC84
"Avoyelles, LA",#78D79E
"Rapides, LA",#0F934A
"Vernon, LA",#0F934A
"Evangeline, LA",#2FC169
"Allen, LA",#0F934A
"Beauregard, LA",#2FC169
"Jefferson Davis, LA",#2FC169
"Calcasieu, LA",#0CA44D
"Cameron, LA",#0CA44D
"Acadia, LA",#FFFFFF
"St. Landry, LA",#2FC169
"Pointe Coupee, LA",#2FC169
"West Baton Rouge, LA",#2FC169
"Lafayette, LA",#2FC169
"Vermilion, LA",#0F934A
"Iberia, LA",#2FC169
"Iberville, LA",#2FC169
"Assumption, LA",#78D79E
"St. Martin, LA",#2FC169
"St. Mary, LA",#2FC169
"Terrebonne, LA",#FFFFFF
"Lafourche, LA",#2FC169
"St. James, LA",#2FC169
"Ascension, LA",#78D79E
"East Baton Rouge, LA",#2FC169
"East Feliciana, LA",#2FC169
"St. Helena, LA",#2FC169
"Livingston, LA",#2FC169
"St. John the Baptist, LA",#2FC169
"St. Charles, LA",#2FC169
"Tangipahoa, LA",#FFFFFF
"Orleans, LA",#2FC169
"St. Bernard, LA",#2FC169
"Plaquemines, LA",#2FC169
"West Feliciana, LA",#2FC169
"Jefferson, LA",#2FC169
"Aroostook, ME",#0CA44D
"Piscataquis, ME",#2FC169
"Knox, ME",#2FC169
"Lincoln, ME",#2FC169
"Sagadahoc, ME",#2FC169
"Cumberland, ME",#2FC169
"York, ME",#2FC169
"Androscoggin, ME",#0F934A
"Oxford, ME",#2FC169
"Kennebec, ME",#2FC169
"Waldo, ME",#2FC169
"Hancock, ME",#2FC169
"Washington, ME",#2FC169
"Penobscot, ME",#2FC169
"Franklin, ME",#2FC169
"Somerset, ME",#2FC169
"Allegany, MD",#0F934A
"Garrett, MD",#0CA44D
"St. Mary's, MD",#2FC169
"Charles, MD",#0CA44D
"Worcester, MD",#54CC84
"Wicomico, MD",#54CC84
"Washington, MD",#2FC169
"Calvert, MD",#0CA44D
"Talbot, MD",#FFFFFF
"Caroline, MD",#0CA44D
"Kent, MD",#2FC169
"Baltimore City, MD",#2FC169
"Prince George's, MD",#0F934A
"Anne Arundel, MD",#0F934A
"Howard, MD",#54CC84
"Montgomery, MD",#2FC169
"Queen Anne's, MD",#0F934A
"Cecil, MD",#0CA44D
"Harford, MD",#2FC169
"Baltimore Co., MD",#2FC169
"Carroll, MD",#0CA44D
"Frederick, MD",#2FC169
"Somerset, MD",#2FC169
"Dorchester, MD",#2FC169
"Barnstable, MA",#2FC169
"Berkshire, MA",#2FC169
"Bristol, MA",#2FC169
"Dukes, MA",#2FC169
"Essex, MA",#2FC169
"Franklin, MA",#2FC169
"Hampden, MA",#2FC169
"Hampshire, MA",#2FC169
"Middlesex, MA",#2FC169
"Nantucket, MA",#2FC169
"Norfolk, MA",#54CC84
"Plymouth, MA",#2FC169
"Suffolk, MA",#FFFFFF
"Worcester, MA",#54CC84
"Gogebic, MI",#0CA44D
"Ontonagon, MI",#2FC169
"Monroe, MI",#2FC169
"Lenawee, MI",#2FC169
"Hillsdale, MI",#54CC84
"Branch, MI",#2FC169
"St. Joseph, MI",#2FC169
"Cass, MI",#0CA44D
"Berrien, MI",#2FC169
"Wayne, MI",#2FC169
"Washtenaw, MI",#2FC169
"Jackson, MI",#2FC169
"Calhoun, MI",#0CA44D
"Kalamazoo, MI",#2FC169
"Van Buren, MI",#0F934A
"Allegan, MI",#0F934A
"Barry, MI",#2FC169
"Eaton, MI",#2FC169
"Ingham, MI",#2FC169
"Livingston, MI",#2FC169
"Oakland, MI",#0CA44D
"Macomb, MI",#2FC169
"St. Clair, MI",#2FC169
"Lapeer, MI",#2FC169
"Genesee, MI",#0CA44D
"Shiawassee, MI",#2FC169
"Clinton, MI",#0CA44D
"Ionia, MI",#2FC169
"Ottawa, MI",#2FC169
"Muskegon, MI",#2FC169
"Kent, MI",#2FC169
"Montcalm, MI",#2FC169
"Gratiot, MI",#0CA44D
"Saginaw, MI",#2FC169
"Sanilac, MI",#2FC169
"Tuscola, MI",#0CA44D
"Huron, MI",#54CC84
"Bay, MI",#2FC169
"Midland, MI",#2FC169
"Isabella, MI",#2FC169
"Mecosta, MI",#2FC169
"Newaygo, MI",#78D79E
"Oceana, MI",#0CA44D
"Arenac, MI",#0CA44D
"Gladwin, MI",#0CA44D
"Clare, MI",#0CA44D
"Osceola, MI",#2FC169
"Lake, MI",#2FC169
"Mason, MI",#2FC169
"Iosco, MI",#2FC169
"Ogemaw, MI",#0CA44D
"Roscommon, MI",#2FC169
"Missaukee, MI",#2FC169
"Wexford, MI",#2FC169
"Manistee, MI",#2FC169
"Alcona, MI",#0F934A
"Oscoda, MI",#2FC169
"Crawford, MI",#54CC84
"Kalkaska, MI",#2FC169
"Grand Traverse, MI",#0CA44D
"Benzie, MI",#2FC169
"Leelanau, MI",#2FC169
"Alpena, MI",#0F934A
"Montmorency, MI",#2FC169
"Otsego, MI",#2FC169
"Antrim, MI",#0F934A
"Charlevoix, MI",#0CA44D
"Presque Isle, MI",#0F934A
"Cheboygan, MI",#0CA44D
"Emmet, MI",#2FC169
"Mackinac, MI",#2FC169
"Chippewa, MI",#0CA44D
"Luce, MI",#2FC169
"Schoolcraft, MI",#2FC169
"Alger, MI",#0F934A
"Delta, MI",#2FC169
"Menominee, MI",#2FC169
"Dickinson, MI",#2FC169
"Marquette, MI",#2FC169
"Iron, MI",#2FC169
"Keweenaw, MI",#2FC169
"Houghton, MI",#54CC84
"Baraga, MI",#2FC169
"Houston, MN",#54CC84
"Fillmore, MN",#2FC169
"Koochiching, MN",#2FC169
"Lake of the Woods, MN",#2FC169
"Roseau, MN",#2FC169
"Kittson, MN",#2FC169
"Red Lake, MN",#0F934A
"Pennington, MN",#2FC169
"Marshall, MN",#2FC169
"Polk, MN",#2FC169
"Norman, MN",#54CC84
"Mahnomen, MN",#2FC169
"Clearwater, MN",#0CA44D
"Beltrami, MN",#2FC169
"Cook, MN",#54CC84
"Lake, MN",#2FC169
"Itasca, MN",#2FC169
"Hubbard, MN",#54CC84
"Cass, MN",#0CA44D
"Wadena, MN",#2FC169
"Becker, MN",#2FC169
"Clay, MN",#0CA44D
"Wilkin, MN",#54CC84
"Otter Tail, MN",#2FC169
"St. Louis, MN",#2FC169
"Carlton, MN",#0CA44D
"Pine, MN",#2FC169
"Kanabec, MN",#2FC169
"Aitkin, MN",#FFFFFF
"Crow Wing, MN",#54CC84
"Morrison, MN",#2FC169
"Todd, MN",#0CA44D
"Douglas, MN",#2FC169
"Grant, MN",#0CA44D
"Traverse, MN",#0CA44D
"Big Stone, MN",#2FC169
"Swift, MN",#FFFFFF
"Stevens, MN",#FFFFFF
"Pope, MN",#2FC169
"Stearns, MN",#FFFFFF
"Benton, MN",#2FC169
"Mille Lacs, MN",#2FC169
"Isanti, MN",#2FC169
"Chisago, MN",#0CA44D
"Ramsey, MN",#0F934A
"Anoka, MN",#0F934A
"Sherburne, MN",#2FC169
"Wright, MN",#54CC84
"Meeker, MN",#2FC169
"Kandiyohi, MN",#2FC169
"Chippewa, MN",#0CA44D
"Washington, MN",#2FC169
"Dakota, MN",#2FC169
"Hennepin, MN",#2FC169
"Scott, MN",#2FC169
"Carver, MN",#0CA44D
"McLeod, MN",#2FC169
"Sibley, MN",#2FC169
"Renville, MN",#0F934A
"Lac qui Parle, MN",#2FC169
"Yellow Medicine, MN",#2FC169
"Lincoln, MN",#2FC169
"Lyon, MN",#2FC169
"Redwood, MN",#0F934A
"Brown, MN",#2FC169
"Nicollet, MN",#FFFFFF
"Le Sueur, MN",#2FC169
"Rice, MN",#2FC169
"Goodhue, MN",#0CA44D
"Wabasha, MN",#2FC169
"Winona, MN",#54CC84
"Olmsted, MN",#2FC169
"Dodge, MN",#2FC169
"Steele, MN",#FFFFFF
"Waseca, MN",#2FC169
"Blue Earth, MN",#2FC169
"Watonwan, MN",#2FC169
"Cottonwood, MN",#54CC84
"Murray, MN",#2FC169
"Pipestone, MN",#2FC169
"Rock, MN",#2FC169
"Nobles, MN",#54CC84
"Jackson, MN",#2FC169
"Martin, MN",#2FC169
"Faribault, MN",#2FC169
"Freeborn, MN",#2FC169
"Mower, MN",#2FC169
"Harrison, MS",#2FC169
"Jackson, MS",#2FC169
"Grenada, MS",#0CA44D
"Yalobusha, MS",#2FC169
"Clay, MS",#0CA44D
"Webster, MS",#2FC169
"Chickasaw, MS",#0CA44D
"Calhoun, MS",#0CA44D
"Pontotoc, MS",#2FC169
"Lee, MS",#2FC169
"Union, MS",#137046
"Lafayette, MS",#2FC169
"Tate, MS",#FFFFFF
"Panola, MS",#2FC169
"Quitman, MS",#0F934A
"Tallahatchie, MS",#FFFFFF
"Leflore, MS",#2FC169
"Sunflower, MS",#FFFFFF
"Humphreys, MS",#54CC84
"Holmes, MS",#54CC84
"Carroll, MS",#0CA44D
"Montgomery, MS",#2FC169
"Choctaw, MS",#0CA44D
"Oktibbeha, MS",#2FC169
"Lowndes, MS",#2FC169
"Monroe, MS",#2FC169
"Itawamba, MS",#2FC169
"Prentiss, MS",#0F934A
"Tishomingo, MS",#FFFFFF
"Alcorn, MS",#0F934A
"Tippah, MS",#FFFFFF
"Benton, MS",#2FC169
"Marshall, MS",#2FC169
"DeSoto, MS",#2FC169
"Tunica, MS",#0CA44D
"Coahoma, MS",#54CC84
"Bolivar, MS",#2FC169
"Washington, MS",#2FC169
"Sharkey, MS",#2FC169
"Issaquena, MS",#2FC169
"Yazoo, MS",#2FC169
"Attala, MS",#78D79E
"Winston, MS",#54CC84
"Noxubee, MS",#54CC84
"Kemper, MS",#2FC169
"Neshoba, MS",#78D79E
"Leake, MS",#2FC169
"Madison, MS",#2FC169
"Rankin, MS",#0F934A
"Hinds, MS",#54CC84
"Warren, MS",#2FC169
"Jefferson, MS",#2FC169
"Claiborne, MS",#0CA44D
"Copiah, MS",#54CC84
"Simpson, MS",#2FC169
"Smith, MS",#2FC169
"Scott, MS",#2FC169
"Newton, MS",#78D79E
"Lauderdale, MS",#2FC169
"Clarke, MS",#0CA44D
"Jasper, MS",#2FC169
"Jones, MS",#2FC169
"Covington, MS",#54CC84
"Jefferson Davis, MS",#2FC169
"Lawrence, MS",#2FC169
"Lincoln, MS",#2FC169
"Franklin, MS",#2FC169
"Adams, MS",#FFFFFF
"Wilkinson, MS",#54CC84
"Amite, MS",#0F934A
"Pike, MS",#2FC169
"Walthall, MS",#2FC169
"Marion, MS",#2FC169
"Lamar, MS",#2FC169
"Forrest, MS",#2FC169
"Wayne, MS",#2FC169
"Greene, MS",#0CA44D
"Perry, MS",#2FC169
"Stone, MS",#FFFFFF
"Pearl River, MS",#2FC169
"Hancock, MS",#2FC169
"George, MS",#0CA44D
"New_Madrid, MO",#78D79E
"Pemiscot, MO",#2FC169
"Atchison, MO",#78D79E
"Holt, MO",#54CC84
"Platte, MO",#2FC169
"Buchanan, MO",#2FC169
"Andrew, MO",#0F934A
"Nodaway, MO",#54CC84
"Worth, MO",#54CC84
"Gentry, MO",#0CA44D
"DeKalb, MO",#2FC169
"Clinton, MO",#0CA44D
"Clay, MO",#0CA44D
"Caldwell, MO",#0CA44D
"Daviess, MO",#2FC169
"Harrison, MO",#2FC169
"Mercer, MO",#2FC169
"Grundy, MO",#0CA44D
"Livingston, MO",#2FC169
"Carroll, MO",#0CA44D
"Ray, MO",#0F934A
"Lafayette, MO",#2FC169
"Jackson, MO",#2FC169
"Johnson, MO",#2FC169
"Henry, MO",#2FC169
"Cass, MO",#0CA44D
"St. Clair, MO",#2FC169
"Bates, MO",#2FC169
"Cedar, MO",#0CA44D
"Vernon, MO",#0F934A
"Dade, MO",#2FC169
"Barton, MO",#2FC169
"Jasper, MO",#2FC169
"Newton, MO",#78D79E
"McDonald, MO",#2FC169
"Lawrence, MO",#2FC169
"Barry, MO",#2FC169
"Polk, MO",#2FC169
"Stone, MO",#FFFFFF
"Greene, MO",#0CA44D
"Taney, MO",#FFFFFF
"Christian, MO",#0CA44D
"Webster, MO",#2FC169
"Dallas, MO",#2FC169
"Hickory, MO",#54CC84
"Benton, MO",#2FC169
"Pettis, MO",#2FC169
"Saline, MO",#2FC169
"Chariton, MO",#0CA44D
"Linn, MO",#2FC169
"Sullivan, MO",#FFFFFF
"Putnam, MO",#0F934A
"Schuyler, MO",#2FC169
"Adair, MO",#FFFFFF
"Macon, MO",#2FC169
"Randolph, MO",#0F934A
"Howard, MO",#54CC84
"Cooper, MO",#54CC84
"Boone, MO",#2FC169
"Cole, MO",#54CC84
"Moniteau, MO",#2FC169
"Morgan, MO",#2FC169
"Miller, MO",#2FC169
"Camden, MO",#0CA44D
"Pulaski, MO",#0F934A
"Laclede, MO",#2FC169
"Wright, MO",#54CC84
"Douglas, MO",#2FC169
"Ozark, MO",#2FC169
"Howell, MO",#54CC84
"Texas, MO",#FFFFFF
"Phelps, MO",#2FC169
"Maries, MO",#2FC169
"Osage, MO",#2FC169
"Callaway, MO",#0CA44D
"Monroe, MO",#2FC169
"Shelby, MO",#2FC169
"Knox, MO",#2FC169
"Scotland, MO",#2FC169
"Clark, MO",#0CA44D
"Lewis, MO",#2FC169
"Marion, MO",#2FC169
"Ralls, MO",#0F934A
"Audrain, MO",#78D79E
"Montgomery, MO",#2FC169
"Pike, MO",#2FC169
"Lincoln, MO",#2FC169
"Warren, MO",#2FC169
"Gasconade, MO",#0CA44D
"Crawford, MO",#54CC84
"Dent, MO",#2FC169
"Shannon, MO",#2FC169
"Oregon, MO",#2FC169
"Ripley, MO",#2FC169
"Carter, MO",#0CA44D
"Reynolds, MO",#0F934A
"Iron, MO",#2FC169
"Washington, MO",#2FC169
"Franklin, MO",#2FC169
"St. Louis, MO",#2FC169
"St. Charles, MO",#2FC169
"St. Louis Co., MO",#2FC169
"Jefferson, MO",#2FC169
"St. Francois, MO",#2FC169
"Ste. Genevieve, MO",#FFFFFF
"Madison, MO",#2FC169
"Wayne, MO",#2FC169
"Butler, MO",#2FC169
"Dunklin, MO",#2FC169
"Stoddard, MO",#FFFFFF
"Bollinger, MO",#2FC169
"Perry, MO",#2FC169
"Cape Girardeau, MO",#0CA44D
"Scott, MO",#2FC169
"Mississippi, MO",#2FC169
"Sheridan, MT",#2FC169
"Roosevelt, MT",#2FC169
"Gallatin, MT",#0CA44D
"Madison, MT",#2FC169
"Broadwater, MT",#2FC169
"Jefferson, MT",#2FC169
"Silver Bow, MT",#2FC169
"Deer Lodge, MT",#2FC169
"Beaverhead, MT",#2FC169
"Ravalli, MT",#0F934A
"Granite, MT",#0CA44D
"Lewis and Clark, MT",#2FC169
"Powell, MT",#2FC169
"Lake, MT",#2FC169
"Missoula, MT",#2FC169
"Mineral, MT",#2FC169
"Sanders, MT",#2FC169
"Lincoln, MT",#2FC169
"Flathead, MT",#2FC169
"Glacier, MT",#0CA44D
"Liberty, MT",#2FC169
"Toole, MT",#0CA44D
"Pondera, MT",#2FC169
"Teton, MT",#FFFFFF
"Cascade, MT",#0CA44D
"Meagher, MT",#2FC169
"Park, MT",#2FC169
"Hill, MT",#54CC84
"Chouteau, MT",#0CA44D
"Judith Basin, MT",#2FC169
"Wheatland, MT",#2FC169
"Sweet Grass, MT",#FFFFFF
"Carbon, MT",#0CA44D
"Stillwater, MT",#FFFFFF
"Golden Valley, MT",#0CA44D
"Fergus, MT",#2FC169
"Blaine, MT",#2FC169
"Phillips, MT",#2FC169
"Petroleum, MT",#2FC169
"Musselshell, MT",#2FC169
"Yellowstone, MT",#2FC169
"Big Horn, MT",#2FC169
"Treasure, MT",#0CA44D
"Rosebud, MT",#2FC169
"Garfield, MT",#0CA44D
"Daniels, MT",#2FC169
"Valley, MT",#0F934A
"McCone, MT",#2FC169
"Prairie, MT",#0F934A
"Powder River, MT",#2FC169
"Custer, MT",#2FC169
"Carter, MT",#0CA44D
"Fallon, MT",#2FC169
"Wibaux, MT",#54CC84
"Dawson, MT",#2FC169
"Richland, MT",#2FC169
"Dawes, NE",#2FC169
"Sioux, NE",#2FC169
"Richardson, NE",#2FC169
"Pawnee, NE",#2FC169
"Nemaha, NE",#78D79E
"Johnson, NE",#2FC169
"Otoe, NE",#2FC169
"Cass, NE",#0CA44D
"Sarpy, NE",#2FC169
"Douglas, NE",#2FC169
"Washington, NE",#2FC169
"Burt, NE",#2FC169
"Thurston, NE",#FFFFFF
"Dakota, NE",#2FC169
"Dixon, NE",#2FC169
"Wayne, NE",#2FC169
"Pierce, NE",#2FC169
"Cedar, NE",#0CA44D
"Knox, NE",#2FC169
"Dodge, NE",#2FC169
"Colfax, NE",#54CC84
"Cuming, NE",#2FC169
"Stanton, NE",#2FC169
"Madison, NE",#2FC169
"Antelope, NE",#0F934A
"Boone, NE",#2FC169
"Platte, NE",#2FC169
"Saunders, NE",#2FC169
"Seward, NE",#2FC169
"Butler, NE",#2FC169
"Polk, NE",#2FC169
"York, NE",#2FC169
"Hamilton, NE",#2FC169
"Nance, NE",#2FC169
"Merrick, NE",#2FC169
"Hall, NE",#2FC169
"Howard, NE",#54CC84
"Sherman, NE",#2FC169
"Boyd, NE",#2FC169
"Holt, NE",#54CC84
"Valley, NE",#0F934A
"Greeley, NE",#0CA44D
"Wheeler, NE",#2FC169
"Garfield, NE",#0CA44D
"Loup, NE",#2FC169
"Rock, NE",#2FC169
"Keya Paha, NE",#2FC169
"Brown, NE",#2FC169
"Blaine, NE",#2FC169
"Custer, NE",#2FC169
"Buffalo, NE",#2FC169
"Dawson, NE",#2FC169
"Phelps, NE",#2FC169
"Kearney, NE",#2FC169
"Adams, NE",#FFFFFF
"Clay, NE",#0CA44D
"Fillmore, NE",#2FC169
"Saline, NE",#2FC169
"Lancaster, NE",#2FC169
"Gage, NE",#0CA44D
"Jefferson, NE",#2FC169
"Thayer, NE",#FFFFFF
"Nuckolls, NE",#54CC84
"Webster, NE",#2FC169
"Franklin, NE",#2FC169
"Harlan, NE",#2FC169
"Gosper, NE",#0CA44D
"Furnas, NE",#2FC169
"Red Willow, NE",#0F934A
"Hitchcock, NE",#54CC84
"Dundy, NE",#2FC169
"Frontier, NE",#2FC169
"Hayes, NE",#2FC169
"Chase, NE",#0CA44D
"Perkins, NE",#2FC169
"Lincoln, NE",#2FC169
"Keith, NE",#2FC169
"Logan, NE",#2FC169
"McPherson, NE",#2FC169
"Arthur, NE",#0CA44D
"Thomas, NE",#FFFFFF
"Hooker, NE",#54CC84
"Grant, NE",#0CA44D
"Deuel, NE",#2FC169
"Garden, NE",#0CA44D
"Cheyenne, NE",#0CA44D
"Morrill, NE",#2FC169
"Kimball, NE",#2FC169
"Banner, NE",#2FC169
"Scotts Bluff, NE",#2FC169
"Box Butte, NE",#2FC169
"Cherry, NE",#0CA44D
"Sheridan, NE",#2FC169
"Elko, NV",#2FC169
"White Pine, NV",#2FC169
"Clark, NV",#0CA44D
"Lincoln, NV",#2FC169
"Esmeralda, NV",#2FC169
"Nye, NV",#0CA44D
"Eureka, NV",#2FC169
"Lander, NV",#2FC169
"Mineral, NV",#2FC169
"Douglas, NV",#2FC169
"Carson City, NV",#0CA44D
"Lyon, NV",#2FC169
"Churchill, NV",#0CA44D
"Pershing, NV",#2FC169
"Storey, NV",#FFFFFF
"Washoe, NV",#2FC169
"Humboldt, NV",#54CC84
"Coos, NH",#54CC84
"Grafton, NH",#0CA44D
"Strafford, NH",#FFFFFF
"Rockingham, NH",#2FC169
"Cheshire, NH",#0CA44D
"Sullivan, NH",#FFFFFF
"Hillsborough, NH",#54CC84
"Belknap, NH",#2FC169
"Merrimack, NH",#2FC169
"Carroll, NH",#0CA44D
"Monmouth, NJ",#2FC169
"Ocean, NJ",#0CA44D
"Richmond, NY",#2FC169
"Essex, NJ",#2FC169
"Union, NJ",#137046
"Hudson, NJ",#54CC84
"Bergen, NJ",#2FC169
"Middlesex, NJ",#2FC169
"Somerset, NJ",#2FC169
"Morris, NJ",#2FC169
"Passaic, NJ",#2FC169
"Sussex, NJ",#FFFFFF
"Warren, NJ",#2FC169
"Hunterdon, NJ",#54CC84
"Mercer, NJ",#2FC169
"Camden, NJ",#0CA44D
"Gloucester, NJ",#0CA44D
"Salem, NJ",#2FC169
"Cumberland, NJ",#2FC169
"Cape May, NJ",#0CA44D
"Atlantic, NJ",#78D79E
"Burlington, NJ",#2FC169
"Lea, NM",#2FC169
"Eddy, NM",#2FC169
"Los Alamos, NM",#2FC169
"Rio Arriba, NM",#2FC169
"San Juan, NM",#2FC169
"McKinley, NM",#2FC169
"Bernalillo, NM",#2FC169
"Valencia, NM",#0F934A
"Cibola, NM",#0CA44D
"Sierra, NM",#2FC169
"Socorro, NM",#2FC169
"Catron, NM",#0CA44D
"Grant, NM",#0CA44D
"Hidalgo, NM",#54CC84
"Luna, NM",#2FC169
"Do√±a Ana, NM",#2FC169
"Taos, NM",#FFFFFF
"Santa Fe, NM",#2FC169
"Otero, NM",#2FC169
"Torrance, NM",#0CA44D
"Lincoln, NM",#2FC169
"Colfax, NM",#54CC84
"Mora, NM",#2FC169
"Union, NM",#137046
"Harding, NM",#2FC169
"San Miguel, NM",#2FC169
"Quay, NM",#0F934A
"Guadalupe, NM",#2FC169
"De Baca, NM",#2FC169
"Curry, NM",#2FC169
"Roosevelt, NM",#2FC169
"Chaves, NM",#0CA44D
"Sandoval, NM",#2FC169
"Clinton, NY",#0CA44D
"Essex, NY",#2FC169
"Orleans, NY",#2FC169
"Genesee, NY",#0CA44D
"Wyoming, NY",#2FC169
"Livingston, NY",#2FC169
"Schenectady, NY",#2FC169
"Montgomery, NY",#2FC169
"Fulton, NY",#2FC169
"Seneca, NY",#2FC169
"Ontario, NY",#2FC169
"Yates, NY",#2FC169
"Schuyler, NY",#2FC169
"Tompkins, NY",#0CA44D
"Cayuga, NY",#0CA44D
"Onondaga, NY",#2FC169
"Cortland, NY",#54CC84
"Chenango, NY",#0CA44D
"Madison, NY",#2FC169
"Oneida, NY",#2FC169
"Lewis, NY",#2FC169
"Herkimer, NY",#2FC169
"Otsego, NY",#2FC169
"Schoharie, NY",#2FC169
"Albany, NY",#0F934A
"Saratoga, NY",#2FC169
"Warren, NY",#2FC169
"Hamilton, NY",#2FC169
"Franklin, NY",#2FC169
"St. Lawrence, NY",#2FC169
"Jefferson, NY",#2FC169
"Oswego, NY",#2FC169
"Wayne, NY",#2FC169
"Monroe, NY",#2FC169
"Niagara, NY",#FFFFFF
"Erie, NY",#2FC169
"Chautauqua, NY",#0CA44D
"Cattaraugus, NY",#0CA44D
"Allegany, NY",#0F934A
"Steuben, NY",#FFFFFF
"Chemung, NY",#0CA44D
"Tioga, NY",#FFFFFF
"Broome, NY",#2FC169
"Delaware, NY",#2FC169
"Sullivan, NY",#FFFFFF
"Greene, NY",#0CA44D
"New_York, NY",#78D79E
"Ulster, NY",#137046
"Bronx, NY",#2FC169
"Kings, NY",#2FC169
"Rockland, NY",#2FC169
"Nassau, NY",#2FC169
"Orange, NY",#2FC169
"Queens, NY",#0F934A
"Suffolk, NY",#FFFFFF
"Westchester, NY",#2FC169
"Putnam, NY",#0F934A
"Dutchess, NY",#2FC169
"Columbia, NY",#54CC84
"Rensselaer, NY",#0F934A
"Washington, NY",#2FC169
"Clay, NC",#0CA44D
"Macon, NC",#2FC169
"Transylvania, NC",#0CA44D
"Jackson, NC",#2FC169
"Haywood, NC",#2FC169
"Swain, NC",#FFFFFF
"Graham, NC",#0CA44D
"Cherokee, NC",#0CA44D
"Mitchell, NC",#2FC169
"Yancey, NC",#2FC169
"Madison, NC",#2FC169
"Buncombe, NC",#2FC169
"Henderson, NC",#2FC169
"Polk, NC",#2FC169
"Rutherford, NC",#2FC169
"McDowell, NC",#2FC169
"Avery, NC",#78D79E
"Watauga, NC",#2FC169
"Alexander, NC",#0F934A
"Ashe, NC",#78D79E
"Alleghany, NC",#0F934A
"Wilkes, NC",#54CC84
"Caldwell, NC",#0CA44D
"Burke, NC",#2FC169
"Cleveland, NC",#0CA44D
"Gaston, NC",#0CA44D
"Lincoln, NC",#2FC169
"Catawba, NC",#0CA44D
"Iredell, NC",#2FC169
"Mecklenburg, NC",#2FC169
"Rowan, NC",#2FC169
"Davie, NC",#2FC169
"Yadkin, NC",#2FC169
"Surry, NC",#FFFFFF
"Stokes, NC",#FFFFFF
"Forsyth, NC",#2FC169
"Davidson, NC",#2FC169
"Stanly, NC",#2FC169
"Cabarrus, NC",#0CA44D
"Union, NC",#137046
"Anson, NC",#0F934A
"Rockingham, NC",#2FC169
"Guilford, NC",#2FC169
"Randolph, NC",#0F934A
"Montgomery, NC",#2FC169
"Richmond, NC",#2FC169
"Scotland, NC",#2FC169
"Caswell, NC",#0CA44D
"Alamance, NC",#0F934A
"Moore, NC",#2FC169
"Hoke, NC",#54CC84
"Robeson, NC",#2FC169
"Columbus, NC",#54CC84
"Brunswick, NC",#2FC169
"New_Hanover, NC",#78D79E
"Bladen, NC",#2FC169
"Cumberland, NC",#2FC169
"Chatham, NC",#0CA44D
"Harnett, NC",#2FC169
"Lee, NC",#2FC169
"Orange, NC",#2FC169
"Person, NC",#2FC169
"Durham, NC",#2FC169
"Pender, NC",#2FC169
"Sampson, NC",#2FC169
"Wayne, NC",#2FC169
"Johnston, NC",#2FC169
"Wake, NC",#2FC169
"Granville, NC",#0CA44D
"Vance, NC",#0F934A
"Warren, NC",#2FC169
"Franklin, NC",#2FC169
"Nash, NC",#2FC169
"Northampton, NC",#54CC84
"Halifax, NC",#2FC169
"Edgecombe, NC",#2FC169
"Wilson, NC",#54CC84
"Greene, NC",#0CA44D
"Lenoir, NC",#2FC169
"Jones, NC",#2FC169
"Duplin, NC",#2FC169
"Onslow, NC",#2FC169
"Carteret, NC",#0CA44D
"Pamlico, NC",#2FC169
"Craven, NC",#54CC84
"Pitt, NC",#2FC169
"Martin, NC",#2FC169
"Chowan, NC",#0CA44D
"Hertford, NC",#2FC169
"Bertie, NC",#2FC169
"Gates, NC",#0CA44D
"Camden, NC",#0CA44D
"Pasquotank, NC",#2FC169
"Perquimans, NC",#2FC169
"Beaufort, NC",#2FC169
"Washington, NC",#2FC169
"Tyrrell, NC",#137046
"Currituck, NC",#2FC169
"Dare, NC",#2FC169
"Hyde, NC",#54CC84
"Cass, ND",#0CA44D
"Richland, ND",#2FC169
"Burke, ND",#2FC169
"Divide, ND",#2FC169
"Williams, ND",#54CC84
"Mountrail, ND",#2FC169
"McKenzie, ND",#2FC169
"Dunn, ND",#2FC169
"Stark, ND",#2FC169
"Golden Valley, ND",#0CA44D
"Billings, ND",#2FC169
"Bowman, ND",#2FC169
"Slope, ND",#2FC169
"Hettinger, ND",#2FC169
"Adams, ND",#FFFFFF
"Mercer, ND",#2FC169
"Grant, ND",#0CA44D
"Sioux, ND",#2FC169
"Morton, ND",#2FC169
"Oliver, ND",#2FC169
"Renville, ND",#0F934A
"Ward, ND",#2FC169
"McLean, ND",#2FC169
"Bottineau, ND",#2FC169
"McHenry, ND",#2FC169
"Sheridan, ND",#2FC169
"Burleigh, ND",#2FC169
"Emmons, ND",#2FC169
"McIntosh, ND",#2FC169
"Logan, ND",#2FC169
"Kidder, ND",#2FC169
"Wells, ND",#2FC169
"Pierce, ND",#2FC169
"Rolette, ND",#2FC169
"Towner, ND",#0CA44D
"Benson, ND",#2FC169
"Eddy, ND",#2FC169
"Foster, ND",#2FC169
"Stutsman, ND",#FFFFFF
"LaMoure, ND",#2FC169
"Dickey, ND",#2FC169
"Sargent, ND",#2FC169
"Ransom, ND",#0F934A
"Barnes, ND",#2FC169
"Griggs, ND",#0CA44D
"Steele, ND",#FFFFFF
"Nelson, ND",#78D79E
"Ramsey, ND",#0F934A
"Cavalier, ND",#0CA44D
"Pembina, ND",#2FC169
"Walsh, ND",#2FC169
"Grand Forks, ND",#0CA44D
"Traill, ND",#0CA44D
"Trumbull, OH",#0CA44D
"Ashtabula, OH",#78D79E
"Lawrence, OH",#2FC169
"Scioto, OH",#2FC169
"Adams, OH",#FFFFFF
"Pike, OH",#2FC169
"Jackson, OH",#2FC169
"Gallia, OH",#0CA44D
"Meigs, OH",#2FC169
"Vinton, OH",#78D79E
"Washington, OH",#2FC169
"Athens, OH",#78D79E
"Hocking, OH",#54CC84
"Ross, OH",#2FC169
"Highland, OH",#54CC84
"Brown, OH",#2FC169
"Clermont, OH",#0CA44D
"Hamilton, OH",#2FC169
"Clinton, OH",#0CA44D
"Warren, OH",#2FC169
"Butler, OH",#2FC169
"Preble, OH",#0F934A
"Montgomery, OH",#2FC169
"Greene, OH",#0CA44D
"Fayette, OH",#2FC169
"Pickaway, OH",#2FC169
"Fairfield, OH",#2FC169
"Perry, OH",#2FC169
"Monroe, OH",#2FC169
"Noble, OH",#54CC84
"Morgan, OH",#2FC169
"Muskingum, OH",#2FC169
"Belmont, OH",#2FC169
"Harrison, OH",#2FC169
"Guernsey, OH",#2FC169
"Coshocton, OH",#54CC84
"Licking, OH",#2FC169
"Delaware, OH",#2FC169
"Franklin, OH",#2FC169
"Madison, OH",#2FC169
"Clark, OH",#0CA44D
"Champaign, OH",#0CA44D
"Miami, OH",#2FC169
"Shelby, OH",#2FC169
"Darke, OH",#2FC169
"Mercer, OH",#2FC169
"Auglaize, OH",#78D79E
"Logan, OH",#2FC169
"Union, OH",#137046
"Marion, OH",#2FC169
"Morrow, OH",#2FC169
"Knox, OH",#2FC169
"Holmes, OH",#54CC84
"Tuscarawas, OH",#0CA44D
"Carroll, OH",#0CA44D
"Jefferson, OH",#2FC169
"Columbiana, OH",#54CC84
"Stark, OH",#2FC169
"Wayne, OH",#2FC169
"Ashland, OH",#78D79E
"Richland, OH",#2FC169
"Crawford, OH",#54CC84
"Wyandot, OH",#2FC169
"Hardin, OH",#2FC169
"Allen, OH",#0F934A
"Hancock, OH",#2FC169
"Putnam, OH",#0F934A
"Van Wert, OH",#0F934A
"Mahoning, OH",#2FC169
"Portage, OH",#2FC169
"Summit, OH",#FFFFFF
"Medina, OH",#2FC169
"Huron, OH",#54CC84
"Seneca, OH",#2FC169
"Sandusky, OH",#2FC169
"Wood, OH",#54CC84
"Henry, OH",#2FC169
"Paulding, OH",#2FC169
"Defiance, OH",#2FC169
"Geauga, OH",#0CA44D
"Lake, OH",#2FC169
"Cuyahoga, OH",#2FC169
"Lorain, OH",#2FC169
"Erie, OH",#2FC169
"Ottawa, OH",#2FC169
"Lucas, OH",#2FC169
"Fulton, OH",#2FC169
"Williams, OH",#54CC84
"Texas, OK",#FFFFFF
"Cimarron, OK",#0CA44D
"Ottawa, OK",#2FC169
"Craig, OK",#54CC84
"Mayes, OK",#2FC169
"Delaware, OK",#2FC169
"Adair, OK",#FFFFFF
"Cherokee, OK",#0CA44D
"Sequoyah, OK",#2FC169
"Haskell, OK",#2FC169
"Le Flore, OK",#2FC169
"Latimer, OK",#2FC169
"Pittsburg, OK",#2FC169
"Coal, OK",#54CC84
"Atoka, OK",#78D79E
"Pushmataha, OK",#0F934A
"McCurtain, OK",#2FC169
"Choctaw, OK",#0CA44D
"Bryan, OK",#2FC169
"Marshall, OK",#2FC169
"Johnston, OK",#2FC169
"Pontotoc, OK",#2FC169
"Garvin, OK",#0CA44D
"Murray, OK",#2FC169
"Love, OK",#2FC169
"Carter, OK",#0CA44D
"Jefferson, OK",#2FC169
"Stephens, OK",#FFFFFF
"Cotton, OK",#54CC84
"Comanche, OK",#54CC84
"Tillman, OK",#FFFFFF
"Jackson, OK",#2FC169
"Greer, OK",#0CA44D
"Kiowa, OK",#2FC169
"Harmon, OK",#2FC169
"Muskogee, OK",#2FC169
"McIntosh, OK",#2FC169
"Hughes, OK",#54CC84
"Seminole, OK",#2FC169
"Pottawatomie, OK",#2FC169
"Cleveland, OK",#0CA44D
"McClain, OK",#2FC169
"Grady, OK",#0CA44D
"Caddo, OK",#0CA44D
"Canadian, OK",#0CA44D
"Oklahoma, OK",#2FC169
"Lincoln, OK",#2FC169
"Okfuskee, OK",#2FC169
"Okmulgee, OK",#2FC169
"Wagoner, OK",#2FC169
"Rogers, OK",#2FC169
"Nowata, OK",#54CC84
"Washington, OK",#2FC169
"Tulsa, OK",#0CA44D
"Creek, OK",#54CC84
"Payne, OK",#2FC169
"Logan, OK",#2FC169
"Kingfisher, OK",#2FC169
"Blaine, OK",#2FC169
"Washita, OK",#2FC169
"Beckham, OK",#2FC169
"Custer, OK",#2FC169
"Dewey, OK",#2FC169
"Roger Mills, OK",#2FC169
"Ellis, OK",#2FC169
"Woodward, OK",#54CC84
"Major, OK",#2FC169
"Garfield, OK",#0CA44D
"Noble, OK",#54CC84
"Pawnee, OK",#2FC169
"Osage, OK",#2FC169
"Kay, OK",#2FC169
"Grant, OK",#0CA44D
"Alfalfa, OK",#0F934A
"Woods, OK",#54CC84
"Harper, OK",#2FC169
"Beaver, OK",#2FC169
"Clatsop, OR",#0CA44D
"Columbia, OR",#54CC84
"Curry, OR",#2FC169
"Coos, OR",#54CC84
"Josephine, OR",#2FC169
"Jackson, OR",#2FC169
"Douglas, OR",#2FC169
"Klamath, OR",#2FC169
"Lake, OR",#2FC169
"Harney, OR",#2FC169
"Malheur, OR",#2FC169
"Baker, OR",#2FC169
"Wallowa, OR",#2FC169
"Union, OR",#137046
"Grant, OR",#0CA44D
"Wheeler, OR",#2FC169
"Crook, OR",#54CC84
"Deschutes, OR",#2FC169
"Jefferson, OR",#2FC169
"Linn, OR",#2FC169
"Lane, OR",#2FC169
"Benton, OR",#2FC169
"Lincoln, OR",#2FC169
"Polk, OR",#2FC169
"Yamhill, OR",#2FC169
"Marion, OR",#2FC169
"Clackamas, OR",#0CA44D
"Umatilla, OR",#137046
"Morrow, OR",#2FC169
"Gilliam, OR",#0CA44D
"Sherman, OR",#2FC169
"Wasco, OR",#2FC169
"Hood River, OR",#54CC84
"Multnomah, OR",#2FC169
"Washington, OR",#2FC169
"Tillamook, OR",#FFFFFF
"Philadelphia, PA",#2FC169
"Bucks, PA",#2FC169
"Greene, PA",#0CA44D
"Fayette, PA",#2FC169
"Washington, PA",#2FC169
"Allegheny, PA",#0F934A
"Beaver, PA",#2FC169
"Lawrence, PA",#2FC169
"Butler, PA",#2FC169
"Armstrong, PA",#0CA44D
"Clarion, PA",#0CA44D
"Forest, PA",#2FC169
"Venango, PA",#0F934A
"Mercer, PA",#2FC169
"Crawford, PA",#54CC84
"Erie, PA",#2FC169
"Westmoreland, PA",#2FC169
"Indiana, PA",#2FC169
"Jefferson, PA",#2FC169
"Warren, PA",#2FC169
"McKean, PA",#2FC169
"Cameron, PA",#0CA44D
"Elk, PA",#2FC169
"Clearfield, PA",#0CA44D
"Blair, PA",#2FC169
"Cambria, PA",#0CA44D
"Somerset, PA",#2FC169
"Bedford, PA",#2FC169
"Fulton, PA",#2FC169
"Huntingdon, PA",#54CC84
"Franklin, PA",#2FC169
"Mifflin, PA",#2FC169
"Potter, PA",#2FC169
"Clinton, PA",#0CA44D
"Centre, PA",#0CA44D
"Union, PA",#137046
"Montour, PA",#2FC169
"Tioga, PA",#FFFFFF
"Lycoming, PA",#2FC169
"Wyoming, PA",#2FC169
"Sullivan, PA",#FFFFFF
"Columbia, PA",#54CC84
"Northumberland, PA",#54CC84
"Snyder, PA",#2FC169
"Juniata, PA",#2FC169
"Perry, PA",#2FC169
"Cumberland, PA",#2FC169
"Adams, PA",#FFFFFF
"York, PA",#2FC169
"Dauphin, PA",#2FC169
"Lebanon, PA",#2FC169
"Lancaster, PA",#2FC169
"Berks, PA",#2FC169
"Schuylkill, PA",#2FC169
"Carbon, PA",#0CA44D
"Luzerne, PA",#2FC169
"Lackawanna, PA",#2FC169
"Bradford, PA",#2FC169
"Susquehanna, PA",#FFFFFF
"Wayne, PA",#2FC169
"Pike, PA",#2FC169
"Monroe, PA",#2FC169
"Northampton, PA",#54CC84
"Lehigh, PA",#2FC169
"Delaware, PA",#2FC169
"Montgomery, PA",#2FC169
"Chester, PA",#0CA44D
"Kent, RI",#2FC169
"Providence, RI",#0F934A
"Bristol, RI",#2FC169
"Newport, RI",#78D79E
"Washington, RI",#2FC169
"Pickens, SC",#2FC169
"Oconee, SC",#0CA44D
"Beaufort, SC",#2FC169
"Hampton, SC",#2FC169
"Jasper, SC",#2FC169
"Marion, SC",#2FC169
"Dillon, SC",#2FC169
"Horry, SC",#54CC84
"Charleston, SC",#0CA44D
"Dorchester, SC",#2FC169
"Berkeley, SC",#2FC169
"Georgetown, SC",#0CA44D
"Clarendon, SC",#0CA44D
"Williamsburg, SC",#54CC84
"Florence, SC",#2FC169
"Marlboro, SC",#2FC169
"Darlington, SC",#2FC169
"Lee, SC",#2FC169
"Kershaw, SC",#2FC169
"Sumter, SC",#FFFFFF
"Calhoun, SC",#0CA44D
"Colleton, SC",#54CC84
"Allendale, SC",#0F934A
"Bamberg, SC",#2FC169
"Orangeburg, SC",#2FC169
"Barnwell, SC",#2FC169
"Aiken, SC",#FFFFFF
"Lexington, SC",#2FC169
"Richland, SC",#2FC169
"Fairfield, SC",#2FC169
"Newberry, SC",#78D79E
"Saluda, SC",#2FC169
"Edgefield, SC",#2FC169
"McCormick, SC",#2FC169
"Greenwood, SC",#0CA44D
"Laurens, SC",#2FC169
"Abbeville, SC",#FFFFFF
"Anderson, SC",#0F934A
"Union, SC",#137046
"Chesterfield, SC",#0CA44D
"Lancaster, SC",#2FC169
"Chester, SC",#0CA44D
"York, SC",#2FC169
"Cherokee, SC",#0CA44D
"Spartanburg, SC",#2FC169
"Greenville, SC",#0CA44D
"Perkins, SD",#2FC169
"Harding, SD",#2FC169
"Custer, SD",#2FC169
"Fall River, SD",#2FC169
"Oglala Lakota, SD",#0CA44D
"Bennett, SD",#2FC169
"Mellette, SD",#2FC169
"Todd, SD",#0CA44D
"Tripp, SD",#0CA44D
"Gregory, SD",#0CA44D
"Brule, SD",#2FC169
"Aurora, SD",#78D79E
"Davison, SD",#2FC169
"Douglas, SD",#2FC169
"Charles Mix, SD",#0CA44D
"Bon Homme, SD",#2FC169
"Yankton, SD",#2FC169
"Hutchinson, SD",#54CC84
"Hanson, SD",#2FC169
"McCook, SD",#2FC169
"Turner, SD",#0CA44D
"Clay, SD",#0CA44D
"Union, SD",#137046
"Lincoln, SD",#2FC169
"Minnehaha, SD",#2FC169
"Lyman, SD",#2FC169
"Jones, SD",#2FC169
"Jackson, SD",#2FC169
"Stanley, SD",#2FC169
"Haakon, SD",#2FC169
"Pennington, SD",#2FC169
"Lawrence, SD",#2FC169
"Butte, SD",#2FC169
"Meade, SD",#2FC169
"Ziebach, SD",#2FC169
"Dewey, SD",#2FC169
"Walworth, SD",#2FC169
"Potter, SD",#2FC169
"Sully, SD",#FFFFFF
"Hughes, SD",#54CC84
"Buffalo, SD",#2FC169
"Jerauld, SD",#2FC169
"Sanborn, SD",#2FC169
"Miner, SD",#2FC169
"Lake, SD",#2FC169
"Moody, SD",#2FC169
"Brookings, SD",#2FC169
"Hamlin, SD",#2FC169
"Kingsbury, SD",#2FC169
"Beadle, SD",#2FC169
"Hyde, SD",#54CC84
"Hand, SD",#2FC169
"Edmunds, SD",#2FC169
"Faulk, SD",#2FC169
"Spink, SD",#2FC169
"Clark, SD",#0CA44D
"Codington, SD",#54CC84
"Deuel, SD",#2FC169
"Grant, SD",#0CA44D
"Day, SD",#2FC169
"Roberts, SD",#2FC169
"Marshall, SD",#2FC169
"Brown, SD",#2FC169
"McPherson, SD",#2FC169
"Campbell, SD",#0CA44D
"Corson, SD",#54CC84
"Sullivan, TN",#FFFFFF
"Johnson, TN",#2FC169
"McNairy, TN",#2FC169
"Chester, TN",#0CA44D
"Hardeman, TN",#2FC169
"Fayette, TN",#2FC169
"Haywood, TN",#2FC169
"Madison, TN",#2FC169
"Crockett, TN",#54CC84
"Gibson, TN",#0CA44D
"Carroll, TN",#0CA44D
"Weakley, TN",#2FC169
"Obion, TN",#0CA44D
"Lake, TN",#2FC169
"Dyer, TN",#2FC169
"Lauderdale, TN",#2FC169
"Tipton, TN",#FFFFFF
"Shelby, TN",#2FC169
"Henderson, TN",#2FC169
"Henry, TN",#2FC169
"Benton, TN",#2FC169
"Decatur, TN",#2FC169
"Hardin, TN",#2FC169
"Lawrence, TN",#2FC169
"Wayne, TN",#2FC169
"Lewis, TN",#2FC169
"Perry, TN",#2FC169
"Hickman, TN",#54CC84
"Humphreys, TN",#54CC84
"Houston, TN",#54CC84
"Stewart, TN",#FFFFFF
"Montgomery, TN",#2FC169
"Robertson, TN",#2FC169
"Cheatham, TN",#0CA44D
"Dickson, TN",#2FC169
"Marshall, TN",#2FC169
"Williamson, TN",#54CC84
"Giles, TN",#0CA44D
"Maury, TN",#2FC169
"Lincoln, TN",#2FC169
"Moore, TN",#2FC169
"Bedford, TN",#2FC169
"Rutherford, TN",#2FC169
"Davidson, TN",#2FC169
"Sumner, TN",#FFFFFF
"Wilson, TN",#54CC84
"Cannon, TN",#0CA44D
"Coffee, TN",#54CC84
"Franklin, TN",#2FC169
"Marion, TN",#2FC169
"Sequatchie, TN",#2FC169
"Grundy, TN",#0CA44D
"Van Buren, TN",#0F934A
"Warren, TN",#2FC169
"White, TN",#2FC169
"DeKalb, TN",#2FC169
"Putnam, TN",#0F934A
"Trousdale, TN",#0CA44D
"Macon, TN",#2FC169
"Smith, TN",#2FC169
"Jackson, TN",#2FC169
"Overton, TN",#2FC169
"Clay, TN",#0CA44D
"Pickett, TN",#2FC169
"Bledsoe, TN",#2FC169
"Fentress, TN",#2FC169
"Cumberland, TN",#2FC169
"Rhea, TN",#0F934A
"Meigs, TN",#2FC169
"Hamilton, TN",#2FC169
"Bradley, TN",#2FC169
"Polk, TN",#2FC169
"Monroe, TN",#2FC169
"McMinn, TN",#2FC169
"Roane, TN",#2FC169
"Morgan, TN",#2FC169
"Scott, TN",#2FC169
"Campbell, TN",#0CA44D
"Anderson, TN",#0F934A
"Loudon, TN",#2FC169
"Blount, TN",#2FC169
"Sevier, TN",#2FC169
"Knox, TN",#2FC169
"Union, TN",#137046
"Claiborne, TN",#0CA44D
"Hancock, TN",#2FC169
"Grainger, TN",#0CA44D
"Hamblen, TN",#2FC169
"Jefferson, TN",#2FC169
"Cocke, TN",#54CC84
"Unicoi, TN",#137046
"Hawkins, TN",#2FC169
"Greene, TN",#0CA44D
"Washington, TN",#2FC169
"Carter, TN",#0CA44D
"Bowie, TX",#2FC169
"Red River, TX",#0F934A
"Crosby, TX",#54CC84
"Lubbock, TX",#2FC169
"Hockley, TX",#54CC84
"Cochran, TX",#54CC84
"Floyd, TX",#2FC169
"Hale, TX",#2FC169
"Lamb, TX",#2FC169
"Bailey, TX",#2FC169
"Briscoe, TX",#2FC169
"Swisher, TX",#FFFFFF
"Castro, TX",#0CA44D
"Parmer, TX",#2FC169
"Armstrong, TX",#0CA44D
"Randall, TX",#0F934A
"Deaf Smith, TX",#2FC169
"Carson, TX",#0CA44D
"Potter, TX",#2FC169
"Oldham, TX",#2FC169
"Hutchinson, TX",#54CC84
"Moore, TX",#2FC169
"Hartley, TX",#2FC169
"Hansford, TX",#2FC169
"Sherman, TX",#2FC169
"Dallam, TX",#2FC169
"Hudspeth, TX",#54CC84
"El Paso, TX",#2FC169
"Lynn, TX",#2FC169
"Terry, TX",#FFFFFF
"Yoakum, TX",#2FC169
"Dawson, TX",#2FC169
"Gaines, TX",#0CA44D
"Martin, TX",#2FC169
"Andrews, TX",#0F934A
"Midland, TX",#2FC169
"Ector, TX",#2FC169
"Crane, TX",#54CC84
"Presidio, TX",#0F934A
"Culberson, TX",#2FC169
"Ward, TX",#2FC169
"Winkler, TX",#54CC84
"Loving, TX",#2FC169
"Reeves, TX",#0F934A
"Jeff Davis, TX",#2FC169
"Brewster, TX",#2FC169
"Terrell, TX",#FFFFFF
"Pecos, TX",#2FC169
"Upton, TX",#137046
"Reagan, TX",#0F934A
"Glasscock, TX",#0CA44D
"Howard, TX",#54CC84
"Borden, TX",#2FC169
"Garza, TX",#0CA44D
"Scurry, TX",#2FC169
"Mitchell, TX",#2FC169
"Sterling, TX",#FFFFFF
"Irion, TX",#2FC169
"Crockett, TX",#54CC84
"Val Verde, TX",#0F934A
"Zapata, TX",#2FC169
"Jim Hogg, TX",#2FC169
"Starr, TX",#2FC169
"Willacy, TX",#54CC84
"Hidalgo, TX",#54CC84
"Brooks, TX",#2FC169
"Kenedy, TX",#2FC169
"Kleberg, TX",#2FC169
"Jim Wells, TX",#2FC169
"Nueces, TX",#54CC84
"San Patricio, TX",#2FC169
"Calhoun, TX",#0CA44D
"Refugio, TX",#0F934A
"Bee, TX",#2FC169
"Live Oak, TX",#2FC169
"McMullen, TX",#2FC169
"Duval, TX",#2FC169
"Webb, TX",#2FC169
"La Salle, TX",#2FC169
"Dimmit, TX",#2FC169
"Maverick, TX",#2FC169
"Kinney, TX",#2FC169
"Edwards, TX",#2FC169
"Real, TX",#0F934A
"Uvalde, TX",#2FC169
"Zavala, TX",#2FC169
"Frio, TX",#2FC169
"Goliad, TX",#0CA44D
"Victoria, TX",#78D79E
"DeWitt, TX",#2FC169
"Karnes, TX",#2FC169
"Wilson, TX",#54CC84
"Atascosa, TX",#78D79E
"Medina, TX",#2FC169
"Bandera, TX",#2FC169
"Kerr, TX",#2FC169
"Gillespie, TX",#0CA44D
"Blanco, TX",#2FC169
"Kendall, TX",#2FC169
"Bexar, TX",#2FC169
"Guadalupe, TX",#2FC169
"Comal, TX",#54CC84
"Hays, TX",#2FC169
"Caldwell, TX",#0CA44D
"Gonzales, TX",#0CA44D
"Lavaca, TX",#2FC169
"Jackson, TX",#2FC169
"Matagorda, TX",#2FC169
"Wharton, TX",#2FC169
"Colorado, TX",#54CC84
"Bastrop, TX",#2FC169
"Fayette, TX",#2FC169
"Lee, TX",#2FC169
"Austin, TX",#78D79E
"Washington, TX",#2FC169
"Waller, TX",#2FC169
"Fort Bend, TX",#2FC169
"Brazoria, TX",#2FC169
"Galveston, TX",#0CA44D
"Montgomery, TX",#2FC169
"Harris, TX",#2FC169
"Chambers, TX",#0CA44D
"Hardin, TX",#2FC169
"Liberty, TX",#2FC169
"Jefferson, TX",#2FC169
"Orange, TX",#2FC169
"Travis, TX",#0CA44D
"Kent, TX",#2FC169
"Kimble, TX",#2FC169
"Sutton, TX",#FFFFFF
"Schleicher, TX",#2FC169
"Menard, TX",#2FC169
"Mason, TX",#2FC169
"Llano, TX",#2FC169
"Burnet, TX",#2FC169
"Williamson, TX",#54CC84
"Burleson, TX",#2FC169
"San Jacinto, TX",#2FC169
"Walker, TX",#2FC169
"Grimes, TX",#0CA44D
"Brazos, TX",#2FC169
"Madison, TX",#2FC169
"Leon, TX",#2FC169
"Robertson, TX",#2FC169
"Milam, TX",#2FC169
"Bell, TX",#2FC169
"Coryell, TX",#54CC84
"Lampasas, TX",#2FC169
"Mills, TX",#2FC169
"San Saba, TX",#2FC169
"McCulloch, TX",#2FC169
"Concho, TX",#54CC84
"Tom Green, TX",#0CA44D
"Coke, TX",#54CC84
"Runnels, TX",#2FC169
"Coleman, TX",#54CC84
"Brown, TX",#2FC169
"Comanche, TX",#54CC84
"Hamilton, TX",#2FC169
"Bosque, TX",#2FC169
"Falls, TX",#2FC169
"McLennan, TX",#2FC169
"Hill, TX",#54CC84
"Limestone, TX",#2FC169
"Freestone, TX",#2FC169
"Navarro, TX",#2FC169
"Somervell, TX",#2FC169
"Ellis, TX",#2FC169
"Johnson, TX",#2FC169
"Hood, TX",#54CC84
"Erath, TX",#2FC169
"Eastland, TX",#2FC169
"Callahan, TX",#0CA44D
"Taylor, TX",#FFFFFF
"Nolan, TX",#54CC84
"Fisher, TX",#2FC169
"Jones, TX",#2FC169
"Shackelford, TX",#2FC169
"Stephens, TX",#FFFFFF
"Palo Pinto, TX",#2FC169
"Parker, TX",#2FC169
"Tarrant, TX",#FFFFFF
"Dallas, TX",#2FC169
"Rockwall, TX",#2FC169
"Kaufman, TX",#2FC169
"Rains, TX",#0F934A
"Van Zandt, TX",#0F934A
"Henderson, TX",#2FC169
"Anderson, TX",#0F934A
"Houston, TX",#54CC84
"Trinity, TX",#0CA44D
"Polk, TX",#2FC169
"Newton, TX",#78D79E
"Jasper, TX",#2FC169
"Tyler, TX",#137046
"Angelina, TX",#0F934A
"Sabine, TX",#2FC169
"San Augustine, TX",#2FC169
"Shelby, TX",#2FC169
"Nacogdoches, TX",#2FC169
"Cherokee, TX",#0CA44D
"Panola, TX",#2FC169
"Rusk, TX",#2FC169
"Gregg, TX",#0CA44D
"Smith, TX",#2FC169
"Wood, TX",#54CC84
"Harrison, TX",#2FC169
"Upshur, TX",#137046
"Camp, TX",#0CA44D
"Marion, TX",#2FC169
"Cass, TX",#0CA44D
"Morris, TX",#2FC169
"Titus, TX",#FFFFFF
"Franklin, TX",#2FC169
"Hopkins, TX",#54CC84
"Delta, TX",#2FC169
"Hunt, TX",#54CC84
"Collin, TX",#54CC84
"Denton, TX",#2FC169
"Wise, TX",#54CC84
"Jack, TX",#2FC169
"Young, TX",#2FC169
"Throckmorton, TX",#FFFFFF
"Haskell, TX",#2FC169
"Stonewall, TX",#FFFFFF
"Dickens, TX",#2FC169
"Motley, TX",#2FC169
"Hall, TX",#2FC169
"Donley, TX",#2FC169
"Gray, TX",#0CA44D
"Roberts, TX",#2FC169
"Ochiltree, TX",#0CA44D
"Lipscomb, TX",#2FC169
"Hemphill, TX",#2FC169
"Wheeler, TX",#2FC169
"Collingsworth, TX",#54CC84
"Childress, TX",#0CA44D
"Cottle, TX",#54CC84
"King, TX",#2FC169
"Knox, TX",#2FC169
"Foard, TX",#2FC169
"Hardeman, TX",#2FC169
"Archer, TX",#0CA44D
"Baylor, TX",#2FC169
"Wilbarger, TX",#54CC84
"Wichita, TX",#54CC84
"Clay, TX",#0CA44D
"Montague, TX",#2FC169
"Cooke, TX",#54CC84
"Fannin, TX",#2FC169
"Grayson, TX",#0CA44D
"Lamar, TX",#2FC169
"Aransas, TX",#0CA44D
"Cameron, TX",#0CA44D
"San Juan, UT",#2FC169
"Garfield, UT",#0CA44D
"Morgan, UT",#2FC169
"Davis, UT",#2FC169
"Weber, UT",#2FC169
"Rich, UT",#2FC169
"Cache, UT",#0CA44D
"Box Elder, UT",#2FC169
"Daggett, UT",#2FC169
"Salt Lake, UT",#2FC169
"Summit, UT",#FFFFFF
"Wasatch, UT",#2FC169
"Utah, UT",#2FC169
"Tooele, UT",#0CA44D
"Juab, UT",#2FC169
"Millard, UT",#2FC169
"Sevier, UT",#2FC169
"Sanpete, UT",#2FC169
"Carbon, UT",#0CA44D
"Duchesne, UT",#2FC169
"Uintah, UT",#137046
"Grand, UT",#0CA44D
"Emery, UT",#2FC169
"Wayne, UT",#2FC169
"Piute, UT",#2FC169
"Beaver, UT",#2FC169
"Iron, UT",#2FC169
"Washington, UT",#2FC169
"Kane, UT",#2FC169
"Essex, VT",#2FC169
"Orleans, VT",#2FC169
"Bennington, VT",#2FC169
"Grand Isle, VT",#0CA44D
"Washington, VT",#2FC169
"Caledonia, VT",#0CA44D
"Lamoille, VT",#2FC169
"Franklin, VT",#2FC169
"Chittenden, VT",#0CA44D
"Addison, VT",#FFFFFF
"Rutland, VT",#2FC169
"Windham, VT",#54CC84
"Windsor, VT",#54CC84
"Orange, VT",#2FC169
"Northampton, VA",#54CC84
"Buchanan, VA",#2FC169
"Tazewell, VA",#FFFFFF
"Smyth, VA",#2FC169
"Bristol, VA",#2FC169
"Washington, VA",#2FC169
"Russell, VA",#2FC169
"Norton, VA",#54CC84
"Wise, VA",#54CC84
"Dickenson, VA",#2FC169
"Scott, VA",#2FC169
"Lee, VA",#2FC169
"Bland, VA",#2FC169
"Grayson, VA",#0CA44D
"Galax, VA",#0CA44D
"Wythe, VA",#2FC169
"Giles, VA",#0CA44D
"Radford, VA",#0F934A
"Pulaski, VA",#0F934A
"Falls Church, VA",#2FC169
"Arlington, VA",#0CA44D
"Carroll, VA",#0CA44D
"Henry, VA",#2FC169
"Patrick, VA",#2FC169
"Floyd, VA",#2FC169
"Montgomery, VA",#2FC169
"Salem, VA",#2FC169
"Franklin Co., VA",#2FC169
"Bedford Co., VA",#2FC169
"Roanoke Co., VA",#2FC169
"Alleghany, VA",#0F934A
"Craig, VA",#54CC84
"Botetourt, VA",#2FC169
"Amherst, VA",#0F934A
"Rockbridge, VA",#2FC169
"Bath, VA",#2FC169
"Highland, VA",#54CC84
"Greene, VA",#0CA44D
"Rockingham, VA",#2FC169
"Augusta, VA",#78D79E
"Nelson, VA",#78D79E
"Buckingham, VA",#2FC169
"Appomattox, VA",#0F934A
"Campbell, VA",#0CA44D
"Halifax, VA",#2FC169
"Pittsylvania, VA",#2FC169
"Martinsville, VA",#2FC169
"Danville, VA",#2FC169
"Lynchburg, VA",#2FC169
"Roanoke, VA",#2FC169
"Buena Vista, VA",#2FC169
"Covington, VA",#54CC84
"Lexington, VA",#2FC169
"Waynesboro, VA",#2FC169
"Staunton, VA",#FFFFFF
"Charlottesville, VA",#0CA44D
"Harrisonburg, VA",#2FC169
"Albemarle, VA",#0F934A
"Fluvanna, VA",#2FC169
"Cumberland, VA",#2FC169
"Prince Edward, VA",#0F934A
"Charlotte, VA",#0CA44D
"Mecklenburg, VA",#2FC169
"Colonial Heights, VA",#54CC84
"Lunenburg, VA",#2FC169
"Hopewell, VA",#54CC84
"Alexandria, VA",#0F934A
"Page, VA",#2FC169
"Shenandoah, VA",#2FC169
"Clarke, VA",#0CA44D
"Winchester, VA",#54CC84
"Frederick, VA",#2FC169
"Warren, VA",#2FC169
"Prince William, VA",#0F934A
"Manassas Park, VA",#2FC169
"Accomack, VA",#FFFFFF
"Rappahannock, VA",#0F934A
"Madison, VA",#2FC169
"Louisa, VA",#2FC169
"Goochland, VA",#0CA44D
"Orange, VA",#2FC169
"Amelia, VA",#0F934A
"Powhatan, VA",#2FC169
"Nottoway, VA",#54CC84
"Brunswick, VA",#2FC169
"Dinwiddie, VA",#2FC169
"Emporia, VA",#2FC169
"Greensville, VA",#0CA44D
"Poquoson, VA",#2FC169
"Franklin, VA",#2FC169
"Southampton, VA",#2FC169
"Hampton, VA",#2FC169
"Williamsburg, VA",#54CC84
"Newport News, VA",#78D79E
"Portsmouth, VA",#2FC169
"York, VA",#2FC169
"James City, VA",#2FC169
"Surry, VA",#FFFFFF
"Sussex, VA",#FFFFFF
"Prince George, VA",#0F934A
"Petersburg, VA",#2FC169
"Henrico, VA",#2FC169
"Chesterfield, VA",#0CA44D
"Charles City, VA",#0CA44D
"New_Kent, VA",#78D79E
"Richmond, VA",#2FC169
"Fredericksburg, VA",#2FC169
"Fairfax, VA",#2FC169
"Manassas, VA",#2FC169
"Loudoun, VA",#2FC169
"Fauquier, VA",#2FC169
"Culpeper, VA",#2FC169
"Spotsylvania, VA",#2FC169
"Hanover, VA",#2FC169
"King William, VA",#2FC169
"King and Queen, VA",#2FC169
"Middlesex, VA",#2FC169
"Gloucester, VA",#0CA44D
"Lancaster, VA",#2FC169
"Richmond Co., VA",#2FC169
"Essex, VA",#2FC169
"Caroline, VA",#0CA44D
"Fairfax Co., VA",#2FC169
"Stafford, VA",#2FC169
"King George, VA",#2FC169
"Westmoreland, VA",#2FC169
"Northumberland, VA",#54CC84
"Mathews, VA",#2FC169
"Norfolk, VA",#54CC84
"Isle of Wight, VA",#2FC169
"Suffolk, VA",#FFFFFF
"Chesapeake, VA",#0CA44D
"Virginia Beach, VA",#78D79E
"Okanogan, WA",#2FC169
"Whatcom, WA",#2FC169
"Wahkiakum, WA",#2FC169
"Asotin, WA",#78D79E
"Garfield, WA",#0CA44D
"Columbia, WA",#54CC84
"Walla Walla, WA",#2FC169
"Franklin, WA",#2FC169
"Whitman, WA",#2FC169
"Spokane, WA",#2FC169
"Pend Oreille, WA",#2FC169
"Stevens, WA",#FFFFFF
"Lincoln, WA",#2FC169
"Adams, WA",#FFFFFF
"Grant, WA",#0CA44D
"Benton, WA",#2FC169
"Klickitat, WA",#2FC169
"Clark, WA",#0CA44D
"Skamania, WA",#2FC169
"Cowlitz, WA",#54CC84
"Pacific, WA",#2FC169
"Lewis, WA",#2FC169
"Thurston, WA",#FFFFFF
"Pierce, WA",#2FC169
"Yakima, WA",#2FC169
"Kittitas, WA",#2FC169
"Douglas, WA",#2FC169
"Ferry, WA",#2FC169
"San Juan, WA",#2FC169
"Island, WA",#2FC169
"Snohomish, WA",#2FC169
"King, WA",#2FC169
"Kitsap, WA",#2FC169
"Mason, WA",#2FC169
"Grays Harbor, WA",#0CA44D
"Jefferson, WA",#2FC169
"Clallam, WA",#0CA44D
"Skagit, WA",#2FC169
"Chelan, WA",#0CA44D
"Berkeley, WV",#2FC169
"Jefferson, WV",#2FC169
"Cabell, WV",#0CA44D
"Mingo, WV",#2FC169
"Wayne, WV",#2FC169
"Wyoming, WV",#2FC169
"Logan, WV",#2FC169
"McDowell, WV",#2FC169
"Mercer, WV",#2FC169
"Monroe, WV",#2FC169
"Summers, WV",#FFFFFF
"Raleigh, WV",#0F934A
"Boone, WV",#2FC169
"Lincoln, WV",#2FC169
"Putnam, WV",#0F934A
"Mason, WV",#2FC169
"Jackson, WV",#2FC169
"Kanawha, WV",#2FC169
"Fayette, WV",#2FC169
"Clay, WV",#0CA44D
"Roane, WV",#2FC169
"Calhoun, WV",#0CA44D
"Wirt, WV",#54CC84
"Wood, WV",#54CC84
"Pleasants, WV",#2FC169
"Ritchie, WV",#2FC169
"Gilmer, WV",#0CA44D
"Braxton, WV",#2FC169
"Nicholas, WV",#FFFFFF
"Greenbrier, WV",#0CA44D
"Webster, WV",#2FC169
"Upshur, WV",#137046
"Lewis, WV",#2FC169
"Doddridge, WV",#2FC169
"Tyler, WV",#137046
"Harrison, WV",#2FC169
"Hancock, WV",#2FC169
"Brooke, WV",#2FC169
"Ohio, WV",#0F934A
"Marshall, WV",#2FC169
"Wetzel, WV",#2FC169
"Marion, WV",#2FC169
"Barbour, WV",#2FC169
"Taylor, WV",#FFFFFF
"Monongalia, WV",#2FC169
"Pocahontas, WV",#2FC169
"Preston, WV",#0F934A
"Randolph, WV",#0F934A
"Pendleton, WV",#2FC169
"Tucker, WV",#0CA44D
"Grant, WV",#0CA44D
"Hardy, WV",#2FC169
"Mineral, WV",#2FC169
"Hampshire, WV",#2FC169
"Morgan, WV",#2FC169
"Adams, WI",#FFFFFF
"Ashland, WI",#78D79E
"Barron, WI",#2FC169
"Bayfield, WI",#2FC169
"Burnett, WI",#2FC169
"Buffalo, WI",#2FC169
"Chippewa, WI",#0CA44D
"Clark, WI",#0CA44D
"Door, WI",#2FC169
"Douglas, WI",#2FC169
"Dunn, WI",#2FC169
"Eau Claire, WI",#2FC169
"Iron, WI",#2FC169
"Jackson, WI",#2FC169
"Kewaunee, WI",#2FC169
"Langlade, WI",#2FC169
"Lincoln, WI",#2FC169
"Marathon, WI",#2FC169
"Oneida, WI",#2FC169
"Pepin, WI",#2FC169
"Pierce, WI",#2FC169
"Polk, WI",#2FC169
"Price, WI",#0F934A
"Rusk, WI",#2FC169
"St. Croix, WI",#2FC169
"Sawyer, WI",#2FC169
"Taylor, WI",#FFFFFF
"Trempealeau, WI",#0CA44D
"Vilas, WI",#78D79E
"Washburn, WI",#2FC169
"Wood, WI",#54CC84
"Juneau, WI",#2FC169
"Monroe, WI",#2FC169
"La Crosse, WI",#2FC169
"Vernon, WI",#0F934A
"Sauk, WI",#2FC169
"Richland, WI",#2FC169
"Crawford, WI",#54CC84
"Iowa, WI",#2FC169
"Grant, WI",#0CA44D
"Lafayette, WI",#2FC169
"Green, WI",#0CA44D
"Marquette, WI",#2FC169
"Portage, WI",#2FC169
"Waupaca, WI",#2FC169
"Waushara, WI",#2FC169
"Green Lake, WI",#0CA44D
"Columbia, WI",#54CC84
"Dane, WI",#2FC169
"Rock, WI",#2FC169
"Kenosha, WI",#2FC169
"Racine, WI",#0F934A
"Walworth, WI",#2FC169
"Dodge, WI",#2FC169
"Jefferson, WI",#2FC169
"Waukesha, WI",#2FC169
"Milwaukee, WI",#2FC169
"Ozaukee, WI",#2FC169
"Washington, WI",#2FC169
"Winnebago, WI",#54CC84
"Fond du Lac, WI",#2FC169
"Sheboygan, WI",#2FC169
"Calumet, WI",#0CA44D
"Manitowoc, WI",#2FC169
"Brown, WI",#2FC169
"Outagamie, WI",#2FC169
"Shawano, WI",#2FC169
"Menominee, WI",#2FC169
"Oconto, WI",#0CA44D
"Forest, WI",#2FC169
"Florence, WI",#2FC169
"Marinette, WI",#2FC169
"Laramie, WY",#2FC169
"Goshen, WY",#0CA44D
"Teton, WY",#FFFFFF
"Lincoln, WY",#2FC169
"Uinta, WY",#137046
"Sublette, WY",#FFFFFF
"Park, WY",#2FC169
"Sweetwater, WY",#FFFFFF
"Fremont, WY",#2FC169
"Hot Springs, WY",#54CC84
"Washakie, WY",#2FC169
"Big Horn, WY",#2FC169
"Sheridan, WY",#2FC169
"Johnson, WY",#2FC169
"Natrona, WY",#2FC169
"Carbon, WY",#0CA44D
"Albany, WY",#0F934A
"Weston, WY",#2FC169
"Crook, WY",#54CC84
"Campbell, WY",#0CA44D
"Converse, WY",#54CC84
"Niobrara, WY",#FFFFFF
"Platte, WY",#2FC169
"Washington, DC",#2FC169