county,color,id
"Houston, AL",#54CC84,c01069
"Henry, AL",#2FC169,c01067
"Geneva, AL",#0CA44D,c01061
"Dale, AL",#2FC169,c01045
"Coffee, AL",#54CC84,c01031
"Covington, AL",#54CC84,c01039
"Mobile, AL",#2FC169,c01097
"Baldwin, AL",#2FC169,c01003
"Escambia, AL",#2FC169,c01053
"Conecuh, AL",#54CC84,c01035
"Washington, AL",#2FC169,c01129
"Choctaw, AL",#0CA44D,c01023
"Clarke, AL",#0CA44D,c01025
"Monroe, AL",#2FC169,c01099
"Wilcox, AL",#54CC84,c01131
"Butler, AL",#2FC169,c01013
"Crenshaw, AL",#54CC84,c01041
"Pike, AL",#2FC169,c01109
"Bullock, AL",#2FC169,c01011
"Macon, AL",#2FC169,c01087
"Lowndes, AL",#2FC169,c01085
"Montgomery, AL",#2FC169,c01101
"Elmore, AL",#2FC169,c01051
"Autauga, AL",#78D79E,c01001
"Dallas, AL",#2FC169,c01047
"Marengo, AL",#2FC169,c01091
"Sumter, AL",#FFFFFF,c01119
"Perry, AL",#2FC169,c01105
"Chilton, AL",#0CA44D,c01021
"Coosa, AL",#54CC84,c01037
"Tallapoosa, AL",#FFFFFF,c01123
"Clay, AL",#0CA44D,c01027
"Talladega, AL",#FFFFFF,c01121
"Shelby, AL",#2FC169,c01117
"Bibb, AL",#2FC169,c01007
"Hale, AL",#2FC169,c01065
"Greene, AL",#0CA44D,c01063
"Pickens, AL",#2FC169,c01107
"Tuscaloosa, AL",#0CA44D,c01125
"Jefferson, AL",#2FC169,c01073
"Walker, AL",#2FC169,c01127
"Lamar, AL",#2FC169,c01075
"Fayette, AL",#2FC169,c01057
"Franklin, AL",#2FC169,c01059
"Marion, AL",#2FC169,c01093
"Winston, AL",#54CC84,c01133
"Cullman, AL",#2FC169,c01043
"Blount, AL",#2FC169,c01009
"St. Clair, AL",#2FC169,c01115
"Calhoun, AL",#0CA44D,c01015
"Etowah, AL",#2FC169,c01055
"Marshall, AL",#2FC169,c01095
"Morgan, AL",#2FC169,c01103
"Lawrence, AL",#2FC169,c01079
"Colbert, AL",#54CC84,c01033
"Lauderdale, AL",#2FC169,c01077
"Limestone, AL",#2FC169,c01083
"Madison, AL",#2FC169,c01089
"Jackson, AL",#2FC169,c01071
"DeKalb, AL",#2FC169,c01049
"Cherokee, AL",#0CA44D,c01019
"Cleburne, AL",#0CA44D,c01029
"Randolph, AL",#0F934A,c01111
"Chambers, AL",#0CA44D,c01017
"Lee, AL",#2FC169,c01081
"Russell, AL",#2FC169,c01113
"Barbour, AL",#2FC169,c01005
"North Slope, AK",#54CC84,c02185
"Northwest Arctic, AK",#54CC84,c02188
"Prince of Wales-Hyder, AK",#0F934A,c02198
"Ketchikan Gateway, AK",#2FC169,c02130
"Wrangell, AK",#54CC84,c02275
"Petersburg, AK",#2FC169,c02195
"Sitka, AK",#2FC169,c02220
"Haines, AK",#2FC169,c02100
"Juneau, AK",#2FC169,c02110
"Skagway, AK",#2FC169,c02230
"Hoonah-Angoon, AK",#54CC84,c02105
"Yakutat, AK",#2FC169,c02282
"Aleutians West, AK",#0F934A,c02016
"Aleutians East, AK",#0F934A,c02013
"Kodiak Island, AK",#2FC169,c02150
"Bristol Bay, AK",#2FC169,c02060
"Dillingham, AK",#2FC169,c02070
"Lake and Peninsula, AK",#2FC169,c02164
"Kenai Peninsula, AK",#2FC169,c02122
"Anchorage, AK",#0F934A,c02020
"Chugach, AK",#0CA44D,c02063
"Copper River, AK",#54CC84,c02066
"Matanuska-Susitna, AK",#2FC169,c02170
"Southeast Fairbanks, AK",#2FC169,c02240
"Fairbanks North Star, AK",#2FC169,c02090
"Denali, AK",#2FC169,c02068
"Bethel, AK",#2FC169,c02050
"Kusilvak, AK",#0CA44D,c02158
"Nome, AK",#54CC84,c02180
"Yukon-Koyukuk, AK",#2FC169,c02290
"Apache, AZ",#0F934A,c04001
"Cochise, AZ",#54CC84,c04003
"Coconino, AZ",#54CC84,c04005
"Gila, AZ",#0CA44D,c04007
"Greenlee, AZ",#0CA44D,c04011
"Graham, AZ",#0CA44D,c04009
"La Paz, AZ",#2FC169,c04012
"Maricopa, AZ",#2FC169,c04013
"Mohave, AZ",#2FC169,c04015
"Navajo, AZ",#2FC169,c04017
"Pima, AZ",#2FC169,c04019
"Pinal, AZ",#2FC169,c04021
"Santa Cruz, AZ",#2FC169,c04023
"Yavapai, AZ",#2FC169,c04025
"Yuma, AZ",#2FC169,c04027
"Chicot, AR",#0CA44D,c05017
"Ashley, AR",#78D79E,c05003
"Pope, AR",#2FC169,c05115
"Newton, AR",#78D79E,c05101
"Madison, AR",#2FC169,c05087
"Franklin, AR",#2FC169,c05047
"Johnson, AR",#2FC169,c05071
"Logan, AR",#2FC169,c05083
"Yell, AR",#2FC169,c05149
"Perry, AR",#2FC169,c05105
"Conway, AR",#54CC84,c05029
"Faulkner, AR",#2FC169,c05045
"Van Buren, AR",#0F934A,c05141
"Searcy, AR",#2FC169,c05129
"Stone, AR",#FFFFFF,c05137
"Cleburne, AR",#0CA44D,c05023
"White, AR",#2FC169,c05145
"Independence, AR",#2FC169,c05063
"Jackson, AR",#2FC169,c05067
"Woodruff, AR",#54CC84,c05147
"St. Francis, AR",#2FC169,c05123
"Crittenden, AR",#54CC84,c05035
"Cross, AR",#54CC84,c05037
"Poinsett, AR",#2FC169,c05111
"Mississippi, AR",#2FC169,c05093
"Craighead, AR",#54CC84,c05031
"Izard, AR",#2FC169,c05065
"Lawrence, AR",#2FC169,c05075
"Sharp, AR",#2FC169,c05135
"Greene, AR",#0CA44D,c05055
"Clay, AR",#0CA44D,c05021
"Randolph, AR",#0F934A,c05121
"Fulton, AR",#2FC169,c05049
"Baxter, AR",#2FC169,c05005
"Marion, AR",#2FC169,c05089
"Boone, AR",#2FC169,c05009
"Carroll, AR",#0CA44D,c05015
"Benton, AR",#2FC169,c05007
"Washington, AR",#2FC169,c05143
"Crawford, AR",#54CC84,c05033
"Sebastian, AR",#2FC169,c05131
"Scott, AR",#2FC169,c05127
"Montgomery, AR",#2FC169,c05097
"Garland, AR",#0CA44D,c05051
"Saline, AR",#2FC169,c05125
"Pulaski, AR",#0F934A,c05119
"Lonoke, AR",#2FC169,c05085
"Prairie, AR",#0F934A,c05117
"Monroe, AR",#2FC169,c05095
"Lee, AR",#2FC169,c05077
"Phillips, AR",#2FC169,c05107
"Jefferson, AR",#2FC169,c05069
"Grant, AR",#0CA44D,c05053
"Hot Spring, AR",#54CC84,c05059
"Dallas, AR",#2FC169,c05039
"Cleveland, AR",#0CA44D,c05025
"Lincoln, AR",#2FC169,c05079
"Arkansas, AR",#0CA44D,c05001
"Desha, AR",#2FC169,c05041
"Drew, AR",#2FC169,c05043
"Bradley, AR",#2FC169,c05011
"Calhoun, AR",#0CA44D,c05013
"Ouachita, AR",#2FC169,c05103
"Nevada, AR",#78D79E,c05099
"Hempstead, AR",#2FC169,c05057
"Clark, AR",#0CA44D,c05019
"Pike, AR",#2FC169,c05109
"Howard, AR",#54CC84,c05061
"Polk, AR",#2FC169,c05113
"Sevier, AR",#2FC169,c05133
"Little River, AR",#2FC169,c05081
"Miller, AR",#2FC169,c05091
"Lafayette, AR",#2FC169,c05073
"Columbia, AR",#54CC84,c05027
"Union, AR",#137046,c05139
"Del Norte, CA",#2FC169,c06015
"Siskiyou, CA",#2FC169,c06093
"Imperial, CA",#2FC169,c06025
"Riverside, CA",#2FC169,c06065
"San Diego, CA",#2FC169,c06073
"Orange, CA",#2FC169,c06059
"Los Angeles, CA",#2FC169,c06037
"Ventura, CA",#0F934A,c06111
"Santa Barbara, CA",#2FC169,c06083
"San Luis Obispo, CA",#2FC169,c06079
"Kern, CA",#2FC169,c06029
"San Bernardino, CA",#2FC169,c06071
"Inyo, CA",#2FC169,c06027
"Tulare, CA",#0CA44D,c06107
"Kings, CA",#2FC169,c06031
"Madera, CA",#2FC169,c06039
"Fresno, CA",#2FC169,c06019
"Monterey, CA",#2FC169,c06053
"San Benito, CA",#2FC169,c06069
"Merced, CA",#2FC169,c06047
"Santa Cruz, CA",#2FC169,c06087
"San Mateo, CA",#2FC169,c06081
"Alameda, CA",#0F934A,c06001
"Santa Clara, CA",#2FC169,c06085
"Stanislaus, CA",#2FC169,c06099
"Mariposa, CA",#2FC169,c06043
"Tuolumne, CA",#0CA44D,c06109
"Mono, CA",#2FC169,c06051
"Alpine, CA",#0F934A,c06003
"Calaveras, CA",#0CA44D,c06009
"Amador, CA",#0F934A,c06005
"San Joaquin, CA",#2FC169,c06077
"Contra Costa, CA",#54CC84,c06013
"El Dorado, CA",#2FC169,c06017
"Sacramento, CA",#2FC169,c06067
"Solano, CA",#2FC169,c06095
"San Francisco, CA",#2FC169,c06075
"Marin, CA",#2FC169,c06041
"Napa, CA",#2FC169,c06055
"Sonoma, CA",#2FC169,c06097
"Yolo, CA",#2FC169,c06113
"Placer, CA",#2FC169,c06061
"Nevada, CA",#78D79E,c06057
"Sierra, CA",#2FC169,c06091
"Yuba, CA",#2FC169,c06115
"Sutter, CA",#FFFFFF,c06101
"Colusa, CA",#54CC84,c06011
"Lake, CA",#2FC169,c06033
"Butte, CA",#2FC169,c06007
"Glenn, CA",#0CA44D,c06021
"Plumas, CA",#2FC169,c06063
"Tehama, CA",#FFFFFF,c06103
"Mendocino, CA",#2FC169,c06045
"Humboldt, CA",#54CC84,c06023
"Trinity, CA",#0CA44D,c06105
"Shasta, CA",#2FC169,c06089
"Lassen, CA",#2FC169,c06035
"Modoc, CA",#2FC169,c06049
"Montezuma, CO",#2FC169,c08083
"La Plata, CO",#2FC169,c08067
"Prowers, CO",#0F934A,c08099
"Bent, CO",#2FC169,c08011
"Kiowa, CO",#2FC169,c08061
"Cheyenne, CO",#0CA44D,c08017
"Kit Carson, CO",#2FC169,c08063
"Yuma, CO",#2FC169,c08125
"Washington, CO",#2FC169,c08121
"Phillips, CO",#2FC169,c08095
"Sedgwick, CO",#2FC169,c08115
"Logan, CO",#2FC169,c08075
"Morgan, CO",#2FC169,c08087
"Baca, CO",#2FC169,c08009
"Otero, CO",#2FC169,c08089
"Crowley, CO",#54CC84,c08025
"Lincoln, CO",#2FC169,c08073
"Elbert, CO",#2FC169,c08039
"Arapahoe, CO",#0CA44D,c08005
"Weld, CO",#2FC169,c08123
"Adams, CO",#FFFFFF,c08001
"Denver, CO",#2FC169,c08031
"Douglas, CO",#2FC169,c08035
"El Paso, CO",#2FC169,c08041
"Teller, CO",#FFFFFF,c08119
"Pueblo, CO",#0F934A,c08101
"Las Animas, CO",#2FC169,c08071
"Huerfano, CO",#54CC84,c08055
"Costilla, CO",#54CC84,c08023
"Conejos, CO",#54CC84,c08021
"Alamosa, CO",#0F934A,c08003
"Rio Grande, CO",#2FC169,c08105
"Custer, CO",#2FC169,c08027
"Fremont, CO",#2FC169,c08043
"Saguache, CO",#2FC169,c08109
"Chaffee, CO",#0CA44D,c08015
"Gunnison, CO",#2FC169,c08051
"Pitkin, CO",#2FC169,c08097
"Lake, CO",#2FC169,c08065
"Park, CO",#2FC169,c08093
"Jefferson, CO",#2FC169,c08059
"Gilpin, CO",#0CA44D,c08047
"Clear Creek, CO",#0CA44D,c08019
"Summit, CO",#FFFFFF,c08117
"Eagle, CO",#2FC169,c08037
"Boulder, CO",#2FC169,c08013
"Grand, CO",#0CA44D,c08049
"Larimer, CO",#2FC169,c08069
"Jackson, CO",#2FC169,c08057
"Routt, CO",#2FC169,c08107
"Moffat, CO",#2FC169,c08081
"Rio Blanco, CO",#2FC169,c08103
"Garfield, CO",#0CA44D,c08045
"Delta, CO",#2FC169,c08029
"Mesa, CO",#2FC169,c08077
"Montrose, CO",#2FC169,c08085
"San Juan, CO",#2FC169,c08111
"Dolores, CO",#2FC169,c08033
"San Miguel, CO",#2FC169,c08113
"Ouray, CO",#2FC169,c08091
"Hinsdale, CO",#54CC84,c08053
"Mineral, CO",#2FC169,c08079
"Archuleta, CO",#0CA44D,c08007
"Broomfield, CO",#2FC169,c08014
"Fairfield, CT",#2FC169,c09001
"Hartford, CT",#2FC169,c09003
"Litchfield, CT",#2FC169,c09005
"Middlesex, CT",#2FC169,c09007
"New_Haven, CT",#78D79E,c09009
"New_London, CT",#78D79E,c09011
"Tolland, CT",#0CA44D,c09013
"Windham, CT",#54CC84,c09015
"Kent, DE",#2FC169,c10001
"New_Castle, DE",#78D79E,c10003
"Sussex, DE",#FFFFFF,c10005
"Bay, FL",#2FC169,c12005
"Jackson, FL",#2FC169,c12063
"Charlotte, FL",#0CA44D,c12015
"Lee, FL",#2FC169,c12071
"Hendry, FL",#2FC169,c12051
"Collier, FL",#54CC84,c12021
"Monroe, FL",#2FC169,c12087
"Miami-Dade, FL",#2FC169,c12086
"Broward, FL",#2FC169,c12011
"Palm Beach, FL",#2FC169,c12099
"Sarasota, FL",#2FC169,c12115
"DeSoto, FL",#2FC169,c12027
"Glades, FL",#0CA44D,c12043
"Martin, FL",#2FC169,c12085
"St. Lucie, FL",#2FC169,c12111
"Indian River, FL",#2FC169,c12061
"Okeechobee, FL",#2FC169,c12093
"Highlands, FL",#54CC84,c12055
"Hardee, FL",#2FC169,c12049
"Manatee, FL",#2FC169,c12081
"Pinellas, FL",#2FC169,c12103
"Hillsborough, FL",#54CC84,c12057
"Hernando, FL",#2FC169,c12053
"Pasco, FL",#2FC169,c12101
"Osceola, FL",#2FC169,c12097
"Polk, FL",#2FC169,c12105
"Orange, FL",#2FC169,c12095
"Seminole, FL",#2FC169,c12117
"Lake, FL",#2FC169,c12069
"Sumter, FL",#FFFFFF,c12119
"Citrus, FL",#0CA44D,c12017
"Levy, FL",#2FC169,c12075
"Marion, FL",#2FC169,c12083
"Volusia, FL",#78D79E,c12127
"Brevard, FL",#2FC169,c12009
"Washington, FL",#2FC169,c12133
"Holmes, FL",#54CC84,c12059
"Walton, FL",#2FC169,c12131
"Okaloosa, FL",#2FC169,c12091
"Santa Rosa, FL",#2FC169,c12113
"Escambia, FL",#2FC169,c12033
"Calhoun, FL",#0CA44D,c12013
"Gulf, FL",#2FC169,c12045
"Franklin, FL",#2FC169,c12037
"Dixie, FL",#2FC169,c12029
"Gilchrist, FL",#0CA44D,c12041
"Alachua, FL",#0F934A,c12001
"Putnam, FL",#0F934A,c12107
"Flagler, FL",#2FC169,c12035
"St. Johns, FL",#2FC169,c12109
"Clay, FL",#0CA44D,c12019
"Bradford, FL",#2FC169,c12007
"Union, FL",#137046,c12125
"Suwannee, FL",#FFFFFF,c12121
"Lafayette, FL",#2FC169,c12067
"Taylor, FL",#FFFFFF,c12123
"Wakulla, FL",#2FC169,c12129
"Liberty, FL",#2FC169,c12077
"Gadsden, FL",#0CA44D,c12039
"Leon, FL",#2FC169,c12073
"Jefferson, FL",#2FC169,c12065
"Madison, FL",#2FC169,c12079
"Hamilton, FL",#2FC169,c12047
"Columbia, FL",#54CC84,c12023
"Baker, FL",#2FC169,c12003
"Duval, FL",#2FC169,c12031
"Nassau, FL",#2FC169,c12089
"Rabun, GA",#0F934A,c13241
"Towns, GA",#0CA44D,c13281
"Mitchell, GA",#2FC169,c13205
"Baker, GA",#2FC169,c13007
"Miller, GA",#2FC169,c13201
"Early, GA",#2FC169,c13099
"Seminole, GA",#2FC169,c13253
"Decatur, GA",#2FC169,c13087
"Grady, GA",#0CA44D,c13131
"Thomas, GA",#FFFFFF,c13275
"Brooks, GA",#2FC169,c13027
"Colquitt, GA",#54CC84,c13071
"Cook, GA",#54CC84,c13075
"Lanier, GA",#2FC169,c13173
"Lowndes, GA",#2FC169,c13185
"Echols, GA",#2FC169,c13101
"Clinch, GA",#0CA44D,c13065
"Atkinson, GA",#78D79E,c13003
"Berrien, GA",#2FC169,c13019
"Irwin, GA",#2FC169,c13155
"Tift, GA",#FFFFFF,c13277
"Worth, GA",#54CC84,c13321
"Dougherty, GA",#2FC169,c13095
"Calhoun, GA",#0CA44D,c13037
"Clay, GA",#0CA44D,c13061
"Quitman, GA",#0F934A,c13239
"Randolph, GA",#0F934A,c13243
"Terrell, GA",#FFFFFF,c13273
"Lee, GA",#2FC169,c13177
"Crisp, GA",#54CC84,c13081
"Turner, GA",#0CA44D,c13287
"Ben Hill, GA",#2FC169,c13017
"Coffee, GA",#54CC84,c13069
"Bacon, GA",#2FC169,c13005
"Wayne, GA",#2FC169,c13305
"Pierce, GA",#2FC169,c13229
"Brantley, GA",#2FC169,c13025
"Ware, GA",#2FC169,c13299
"Charlton, GA",#0CA44D,c13049
"Camden, GA",#0CA44D,c13039
"Glynn, GA",#0CA44D,c13127
"McIntosh, GA",#2FC169,c13191
"Heard, GA",#2FC169,c13149
"Haralson, GA",#2FC169,c13143
"Polk, GA",#2FC169,c13233
"Floyd, GA",#2FC169,c13115
"Chattooga, GA",#0CA44D,c13055
"Whitfield, GA",#2FC169,c13313
"Catoosa, GA",#0CA44D,c13047
"Walker, GA",#2FC169,c13295
"Dade, GA",#2FC169,c13083
"Long, GA",#2FC169,c13183
"Appling, GA",#0F934A,c13001
"Jeff Davis, GA",#2FC169,c13161
"Stewart, GA",#FFFFFF,c13259
"Webster, GA",#2FC169,c13307
"Sumter, GA",#FFFFFF,c13261
"Wilcox, GA",#54CC84,c13315
"Telfair, GA",#FFFFFF,c13271
"Wheeler, GA",#2FC169,c13309
"Dodge, GA",#2FC169,c13091
"Pulaski, GA",#0F934A,c13235
"Dooly, GA",#2FC169,c13093
"Macon, GA",#2FC169,c13193
"Schley, GA",#2FC169,c13249
"Marion, GA",#2FC169,c13197
"Chattahoochee, GA",#0CA44D,c13053
"Muscogee, GA",#2FC169,c13215
"Taylor, GA",#FFFFFF,c13269
"Talbot, GA",#FFFFFF,c13263
"Harris, GA",#2FC169,c13145
"Troup, GA",#0CA44D,c13285
"Carroll, GA",#0CA44D,c13045
"Paulding, GA",#2FC169,c13223
"Murray, GA",#2FC169,c13213
"Gordon, GA",#0CA44D,c13129
"Bartow, GA",#2FC169,c13015
"Cobb, GA",#54CC84,c13067
"Douglas, GA",#2FC169,c13097
"Coweta, GA",#54CC84,c13077
"Meriwether, GA",#2FC169,c13199
"Pike, GA",#2FC169,c13231
"Upson, GA",#137046,c13293
"Crawford, GA",#54CC84,c13079
"Peach, GA",#2FC169,c13225
"Houston, GA",#54CC84,c13153
"Bleckley, GA",#2FC169,c13023
"Laurens, GA",#2FC169,c13175
"Wilkinson, GA",#54CC84,c13319
"Twiggs, GA",#0CA44D,c13289
"Bibb, GA",#2FC169,c13021
"Baldwin, GA",#2FC169,c13009
"Jones, GA",#2FC169,c13169
"Monroe, GA",#2FC169,c13207
"Lamar, GA",#2FC169,c13171
"Spalding, GA",#2FC169,c13255
"Fayette, GA",#2FC169,c13113
"Clayton, GA",#0CA44D,c13063
"Butts, GA",#2FC169,c13035
"Henry, GA",#2FC169,c13151
"DeKalb, GA",#2FC169,c13089
"Fulton, GA",#2FC169,c13121
"Cherokee, GA",#0CA44D,c13057
"Pickens, GA",#2FC169,c13227
"Dawson, GA",#2FC169,c13085
"Forsyth, GA",#2FC169,c13117
"Gwinnett, GA",#2FC169,c13135
"Rockdale, GA",#2FC169,c13247
"Jasper, GA",#2FC169,c13159
"Newton, GA",#78D79E,c13217
"Walton, GA",#2FC169,c13297
"Barrow, GA",#2FC169,c13013
"Jackson, GA",#2FC169,c13157
"Clarke, GA",#0CA44D,c13059
"Oconee, GA",#0CA44D,c13219
"Morgan, GA",#2FC169,c13211
"Putnam, GA",#0F934A,c13237
"Hancock, GA",#2FC169,c13141
"Taliaferro, GA",#FFFFFF,c13265
"Greene, GA",#0CA44D,c13133
"Oglethorpe, GA",#0CA44D,c13221
"Wilkes, GA",#54CC84,c13317
"Warren, GA",#2FC169,c13301
"McDuffie, GA",#2FC169,c13189
"Glascock, GA",#0CA44D,c13125
"Jefferson, GA",#2FC169,c13163
"Washington, GA",#2FC169,c13303
"Johnson, GA",#2FC169,c13167
"Treutlen, GA",#0CA44D,c13283
"Montgomery, GA",#2FC169,c13209
"Toombs, GA",#0CA44D,c13279
"Liberty, GA",#2FC169,c13179
"Evans, GA",#2FC169,c13109
"Tattnall, GA",#FFFFFF,c13267
"Candler, GA",#0CA44D,c13043
"Emanuel, GA",#2FC169,c13107
"Chatham, GA",#0CA44D,c13051
"Bryan, GA",#2FC169,c13029
"Bulloch, GA",#2FC169,c13031
"Jenkins, GA",#2FC169,c13165
"Effingham, GA",#2FC169,c13103
"Screven, GA",#2FC169,c13251
"Burke, GA",#2FC169,c13033
"Richmond, GA",#2FC169,c13245
"Columbia, GA",#54CC84,c13073
"Lincoln, GA",#2FC169,c13181
"Elbert, GA",#2FC169,c13105
"Madison, GA",#2FC169,c13195
"Banks, GA",#2FC169,c13011
"Hall, GA",#2FC169,c13139
"Lumpkin, GA",#2FC169,c13187
"Gilmer, GA",#0CA44D,c13123
"Fannin, GA",#2FC169,c13111
"Union, GA",#137046,c13291
"White, GA",#2FC169,c13311
"Habersham, GA",#2FC169,c13137
"Hart, GA",#2FC169,c13147
"Franklin, GA",#2FC169,c13119
"Stephens, GA",#FFFFFF,c13257
"Hawaii, HI",#2FC169,c15001
"Honolulu, HI",#54CC84,c15003
"Kalawao, HI",#2FC169,c15005
"Kauai, HI",#2FC169,c15007
"Maui, HI",#2FC169,c15009
"Fremont, ID",#2FC169,c16043
"Clark, ID",#0CA44D,c16033
"Benewah, ID",#2FC169,c16009
"Kootenai, ID",#2FC169,c16055
"Bonner, ID",#2FC169,c16017
"Boundary, ID",#2FC169,c16021
"Latah, ID",#2FC169,c16057
"Nez Perce, ID",#78D79E,c16069
"Lewis, ID",#2FC169,c16061
"Adams, ID",#FFFFFF,c16003
"Washington, ID",#2FC169,c16087
"Payette, ID",#2FC169,c16075
"Boise, ID",#2FC169,c16015
"Gem, ID",#0CA44D,c16045
"Canyon, ID",#0CA44D,c16027
"Ada, ID",#FFFFFF,c16001
"Elmore, ID",#2FC169,c16039
"Owyhee, ID",#2FC169,c16073
"Camas, ID",#0CA44D,c16025
"Gooding, ID",#0CA44D,c16047
"Jerome, ID",#2FC169,c16053
"Twin Falls, ID",#0CA44D,c16083
"Cassia, ID",#0CA44D,c16031
"Oneida, ID",#2FC169,c16071
"Power, ID",#2FC169,c16077
"Bannock, ID",#2FC169,c16005
"Franklin, ID",#2FC169,c16041
"Bear Lake, ID",#2FC169,c16007
"Caribou, ID",#0CA44D,c16029
"Minidoka, ID",#2FC169,c16067
"Lincoln, ID",#2FC169,c16063
"Bonneville, ID",#2FC169,c16019
"Bingham, ID",#2FC169,c16011
"Blaine, ID",#2FC169,c16013
"Valley, ID",#0F934A,c16085
"Shoshone, ID",#2FC169,c16079
"Clearwater, ID",#0CA44D,c16035
"Idaho, ID",#2FC169,c16049
"Custer, ID",#2FC169,c16037
"Lemhi, ID",#2FC169,c16059
"Butte, ID",#2FC169,c16023
"Jefferson, ID",#2FC169,c16051
"Madison, ID",#2FC169,c16065
"Teton, ID",#FFFFFF,c16081
"Vermilion, IL",#0F934A,c17183
"Iroquois, IL",#2FC169,c17075
"Alexander, IL",#0F934A,c17003
"Pulaski, IL",#0F934A,c17153
"Massac, IL",#2FC169,c17127
"Hardin, IL",#2FC169,c17069
"Pope, IL",#2FC169,c17151
"Johnson, IL",#2FC169,c17087
"Union, IL",#137046,c17181
"Gallatin, IL",#0CA44D,c17059
"Saline, IL",#2FC169,c17165
"Williamson, IL",#54CC84,c17199
"Jackson, IL",#2FC169,c17077
"Monroe, IL",#2FC169,c17133
"Randolph, IL",#0F934A,c17157
"Perry, IL",#2FC169,c17145
"Franklin, IL",#2FC169,c17055
"Hamilton, IL",#2FC169,c17065
"White, IL",#2FC169,c17193
"Jefferson, IL",#2FC169,c17081
"Washington, IL",#2FC169,c17189
"Clinton, IL",#0CA44D,c17027
"St. Clair, IL",#2FC169,c17163
"Madison, IL",#2FC169,c17119
"Bond, IL",#2FC169,c17005
"Marion, IL",#2FC169,c17121
"Wayne, IL",#2FC169,c17191
"Wabash, IL",#2FC169,c17185
"Edwards, IL",#2FC169,c17047
"Lawrence, IL",#2FC169,c17101
"Richland, IL",#2FC169,c17159
"Clay, IL",#0CA44D,c17025
"Jasper, IL",#2FC169,c17079
"Crawford, IL",#54CC84,c17033
"Clark, IL",#0CA44D,c17023
"Cumberland, IL",#2FC169,c17035
"Effingham, IL",#2FC169,c17049
"Fayette, IL",#2FC169,c17051
"Shelby, IL",#2FC169,c17173
"Montgomery, IL",#2FC169,c17135
"Jersey, IL",#2FC169,c17083
"Macoupin, IL",#2FC169,c17117
"Calhoun, IL",#0CA44D,c17013
"Greene, IL",#0CA44D,c17061
"Christian, IL",#0CA44D,c17021
"Coles, IL",#54CC84,c17029
"Edgar, IL",#2FC169,c17045
"Douglas, IL",#2FC169,c17041
"Moultrie, IL",#2FC169,c17139
"Macon, IL",#2FC169,c17115
"Sangamon, IL",#2FC169,c17167
"Morgan, IL",#2FC169,c17137
"Scott, IL",#2FC169,c17171
"Pike, IL",#2FC169,c17149
"Brown, IL",#2FC169,c17009
"Adams, IL",#FFFFFF,c17001
"Hancock, IL",#2FC169,c17067
"McDonough, IL",#2FC169,c17109
"Schuyler, IL",#2FC169,c17169
"Cass, IL",#0CA44D,c17017
"Menard, IL",#2FC169,c17129
"Mason, IL",#2FC169,c17125
"Logan, IL",#2FC169,c17107
"De Witt, IL",#2FC169,c17039
"Piatt, IL",#2FC169,c17147
"Champaign, IL",#0CA44D,c17019
"Ford, IL",#2FC169,c17053
"McLean, IL",#2FC169,c17113
"Tazewell, IL",#FFFFFF,c17179
"Woodford, IL",#54CC84,c17203
"Peoria, IL",#2FC169,c17143
"Fulton, IL",#2FC169,c17057
"Warren, IL",#2FC169,c17187
"Henderson, IL",#2FC169,c17071
"Mercer, IL",#2FC169,c17131
"Knox, IL",#2FC169,c17095
"Stark, IL",#2FC169,c17175
"Marshall, IL",#2FC169,c17123
"Putnam, IL",#0F934A,c17155
"Livingston, IL",#2FC169,c17105
"Kankakee, IL",#2FC169,c17091
"Grundy, IL",#0CA44D,c17063
"Will, IL",#54CC84,c17197
"Kendall, IL",#2FC169,c17093
"LaSalle, IL",#2FC169,c17099
"Bureau, IL",#2FC169,c17011
"Henry, IL",#2FC169,c17073
"Rock Island, IL",#2FC169,c17161
"Lee, IL",#2FC169,c17103
"Whiteside, IL",#2FC169,c17195
"Carroll, IL",#0CA44D,c17015
"Ogle, IL",#0CA44D,c17141
"DeKalb, IL",#2FC169,c17037
"Kane, IL",#2FC169,c17089
"DuPage, IL",#2FC169,c17043
"Cook, IL",#54CC84,c17031
"Lake, IL",#2FC169,c17097
"McHenry, IL",#2FC169,c17111
"Boone, IL",#2FC169,c17007
"Winnebago, IL",#54CC84,c17201
"Stephenson, IL",#FFFFFF,c17177
"Jo Daviess, IL",#2FC169,c17085
"Porter, IN",#2FC169,c18127
"Lake, IN",#2FC169,c18089
"Perry, IN",#2FC169,c18123
"Spencer, IN",#2FC169,c18147
"Warrick, IN",#2FC169,c18173
"Vanderburgh, IN",#0F934A,c18163
"Posey, IN",#2FC169,c18129
"Gibson, IN",#0CA44D,c18051
"Pike, IN",#2FC169,c18125
"Dubois, IN",#2FC169,c18037
"Crawford, IN",#54CC84,c18025
"Harrison, IN",#2FC169,c18061
"Floyd, IN",#2FC169,c18043
"Clark, IN",#0CA44D,c18019
"Ohio, IN",#0F934A,c18115
"Switzerland, IN",#FFFFFF,c18155
"Jefferson, IN",#2FC169,c18077
"Scott, IN",#2FC169,c18143
"Washington, IN",#2FC169,c18175
"Orange, IN",#2FC169,c18117
"Martin, IN",#2FC169,c18101
"Daviess, IN",#2FC169,c18027
"Knox, IN",#2FC169,c18083
"Sullivan, IN",#FFFFFF,c18153
"Greene, IN",#0CA44D,c18055
"Lawrence, IN",#2FC169,c18093
"Jackson, IN",#2FC169,c18071
"Jennings, IN",#2FC169,c18079
"Ripley, IN",#2FC169,c18137
"Dearborn, IN",#2FC169,c18029
"Franklin, IN",#2FC169,c18047
"Decatur, IN",#2FC169,c18031
"Bartholomew, IN",#2FC169,c18005
"Brown, IN",#2FC169,c18013
"Monroe, IN",#2FC169,c18105
"Owen, IN",#2FC169,c18119
"Clay, IN",#0CA44D,c18021
"Vigo, IN",#78D79E,c18167
"Vermillion, IN",#0F934A,c18165
"Parke, IN",#2FC169,c18121
"Putnam, IN",#0F934A,c18133
"Morgan, IN",#2FC169,c18109
"Johnson, IN",#2FC169,c18081
"Shelby, IN",#2FC169,c18145
"Rush, IN",#2FC169,c18139
"Fayette, IN",#2FC169,c18041
"Union, IN",#137046,c18161
"Wayne, IN",#2FC169,c18177
"Henry, IN",#2FC169,c18065
"Hancock, IN",#2FC169,c18059
"Marion, IN",#2FC169,c18097
"Hendricks, IN",#2FC169,c18063
"Boone, IN",#2FC169,c18011
"Hamilton, IN",#2FC169,c18057
"Randolph, IN",#0F934A,c18135
"Delaware, IN",#2FC169,c18035
"Madison, IN",#2FC169,c18095
"Tipton, IN",#FFFFFF,c18159
"Clinton, IN",#0CA44D,c18023
"Montgomery, IN",#2FC169,c18107
"Fountain, IN",#2FC169,c18045
"Jay, IN",#2FC169,c18075
"Blackford, IN",#2FC169,c18009
"Grant, IN",#0CA44D,c18053
"Howard, IN",#54CC84,c18067
"Carroll, IN",#0CA44D,c18015
"Tippecanoe, IN",#FFFFFF,c18157
"Warren, IN",#2FC169,c18171
"Benton, IN",#2FC169,c18007
"Adams, IN",#FFFFFF,c18001
"Wells, IN",#2FC169,c18179
"Huntington, IN",#54CC84,c18069
"Wabash, IN",#2FC169,c18169
"Miami, IN",#2FC169,c18103
"Cass, IN",#0CA44D,c18017
"White, IN",#2FC169,c18181
"Allen, IN",#0F934A,c18003
"Whitley, IN",#2FC169,c18183
"Fulton, IN",#2FC169,c18049
"Pulaski, IN",#0F934A,c18131
"DeKalb, IN",#2FC169,c18033
"Noble, IN",#54CC84,c18113
"Kosciusko, IN",#2FC169,c18085
"Marshall, IN",#2FC169,c18099
"Starke, IN",#2FC169,c18149
"Jasper, IN",#2FC169,c18073
"Newton, IN",#78D79E,c18111
"Steuben, IN",#FFFFFF,c18151
"LaGrange, IN",#2FC169,c18087
"Elkhart, IN",#2FC169,c18039
"St. Joseph, IN",#2FC169,c18141
"LaPorte, IN",#2FC169,c18091
"Scott, IA",#2FC169,c19163
"Clinton, IA",#0CA44D,c19045
"Lyon, IA",#2FC169,c19119
"Sioux, IA",#2FC169,c19167
"Plymouth, IA",#2FC169,c19149
"Cherokee, IA",#0CA44D,c19035
"O Brien, IA",#0CA44D,c19141
"Osceola, IA",#2FC169,c19143
"Dickinson, IA",#2FC169,c19059
"Clay, IA",#0CA44D,c19041
"Buena Vista, IA",#2FC169,c19021
"Pocahontas, IA",#2FC169,c19151
"Palo Alto, IA",#2FC169,c19147
"Emmet, IA",#2FC169,c19063
"Kossuth, IA",#2FC169,c19109
"Humboldt, IA",#54CC84,c19091
"Woodbury, IA",#54CC84,c19193
"Ida, IA",#2FC169,c19093
"Sac, IA",#2FC169,c19161
"Calhoun, IA",#0CA44D,c19025
"Webster, IA",#2FC169,c19187
"Greene, IA",#0CA44D,c19073
"Carroll, IA",#0CA44D,c19027
"Crawford, IA",#54CC84,c19047
"Monona, IA",#2FC169,c19133
"Harrison, IA",#2FC169,c19085
"Shelby, IA",#2FC169,c19165
"Audubon, IA",#78D79E,c19009
"Guthrie, IA",#2FC169,c19077
"Adair, IA",#FFFFFF,c19001
"Cass, IA",#0CA44D,c19029
"Pottawattamie, IA",#2FC169,c19155
"Fremont, IA",#2FC169,c19071
"Mills, IA",#2FC169,c19129
"Montgomery, IA",#2FC169,c19137
"Page, IA",#2FC169,c19145
"Taylor, IA",#FFFFFF,c19173
"Adams, IA",#FFFFFF,c19003
"Union, IA",#137046,c19175
"Ringgold, IA",#2FC169,c19159
"Decatur, IA",#2FC169,c19053
"Clarke, IA",#0CA44D,c19039
"Madison, IA",#2FC169,c19121
"Dallas, IA",#2FC169,c19049
"Boone, IA",#2FC169,c19015
"Hamilton, IA",#2FC169,c19079
"Wright, IA",#54CC84,c19197
"Hancock, IA",#2FC169,c19081
"Winnebago, IA",#54CC84,c19189
"Worth, IA",#54CC84,c19195
"Cerro Gordo, IA",#0CA44D,c19033
"Franklin, IA",#2FC169,c19069
"Hardin, IA",#2FC169,c19083
"Story, IA",#FFFFFF,c19169
"Polk, IA",#2FC169,c19153
"Warren, IA",#2FC169,c19181
"Lucas, IA",#2FC169,c19117
"Wayne, IA",#2FC169,c19185
"Appanoose, IA",#0F934A,c19007
"Monroe, IA",#2FC169,c19135
"Marion, IA",#2FC169,c19125
"Jasper, IA",#2FC169,c19099
"Marshall, IA",#2FC169,c19127
"Grundy, IA",#0CA44D,c19075
"Butler, IA",#2FC169,c19023
"Floyd, IA",#2FC169,c19067
"Mitchell, IA",#2FC169,c19131
"Howard, IA",#54CC84,c19089
"Chickasaw, IA",#0CA44D,c19037
"Bremer, IA",#2FC169,c19017
"Black Hawk, IA",#2FC169,c19013
"Tama, IA",#FFFFFF,c19171
"Poweshiek, IA",#2FC169,c19157
"Mahaska, IA",#2FC169,c19123
"Wapello, IA",#2FC169,c19179
"Davis, IA",#2FC169,c19051
"Van Buren, IA",#0F934A,c19177
"Jefferson, IA",#2FC169,c19101
"Benton, IA",#2FC169,c19011
"Iowa, IA",#2FC169,c19095
"Keokuk, IA",#2FC169,c19107
"Washington, IA",#2FC169,c19183
"Henry, IA",#2FC169,c19087
"Lee, IA",#2FC169,c19111
"Des Moines, IA",#2FC169,c19057
"Louisa, IA",#2FC169,c19115
"Muscatine, IA",#2FC169,c19139
"Johnson, IA",#2FC169,c19103
"Linn, IA",#2FC169,c19113
"Cedar, IA",#0CA44D,c19031
"Jones, IA",#2FC169,c19105
"Buchanan, IA",#2FC169,c19019
"Fayette, IA",#2FC169,c19065
"Winneshiek, IA",#54CC84,c19191
"Allamakee, IA",#0F934A,c19005
"Clayton, IA",#0CA44D,c19043
"Delaware, IA",#2FC169,c19055
"Dubuque, IA",#2FC169,c19061
"Jackson, IA",#2FC169,c19097
"Doniphan, KS",#2FC169,c20043
"Brown, KS",#2FC169,c20013
"Stanton, KS",#2FC169,c20187
"Morton, KS",#2FC169,c20129
"Stevens, KS",#FFFFFF,c20189
"Grant, KS",#0CA44D,c20067
"Haskell, KS",#2FC169,c20081
"Seward, KS",#2FC169,c20175
"Meade, KS",#2FC169,c20119
"Gray, KS",#0CA44D,c20069
"Ford, KS",#2FC169,c20057
"Clark, KS",#0CA44D,c20025
"Comanche, KS",#54CC84,c20033
"Kiowa, KS",#2FC169,c20097
"Edwards, KS",#2FC169,c20047
"Pratt, KS",#0F934A,c20151
"Barber, KS",#2FC169,c20007
"Harper, KS",#2FC169,c20077
"Kingman, KS",#2FC169,c20095
"Reno, KS",#0F934A,c20155
"Harvey, KS",#2FC169,c20079
"Sedgwick, KS",#2FC169,c20173
"Sumner, KS",#FFFFFF,c20191
"Cowley, KS",#54CC84,c20035
"Butler, KS",#2FC169,c20015
"Chautauqua, KS",#0CA44D,c20019
"Elk, KS",#2FC169,c20049
"Greenwood, KS",#0CA44D,c20073
"Montgomery, KS",#2FC169,c20125
"Wilson, KS",#54CC84,c20205
"Woodson, KS",#54CC84,c20207
"Labette, KS",#2FC169,c20099
"Neosho, KS",#78D79E,c20133
"Allen, KS",#0F934A,c20001
"Cherokee, KS",#0CA44D,c20021
"Crawford, KS",#54CC84,c20037
"Bourbon, KS",#2FC169,c20011
"Hamilton, KS",#2FC169,c20075
"Greeley, KS",#0CA44D,c20071
"Wallace, KS",#2FC169,c20199
"Sherman, KS",#2FC169,c20181
"Cheyenne, KS",#0CA44D,c20023
"Stafford, KS",#2FC169,c20185
"Kearny, KS",#2FC169,c20093
"Finney, KS",#2FC169,c20055
"Hodgeman, KS",#54CC84,c20083
"Pawnee, KS",#2FC169,c20145
"Coffey, KS",#54CC84,c20031
"Anderson, KS",#0F934A,c20003
"Linn, KS",#2FC169,c20107
"Miami, KS",#2FC169,c20121
"Franklin, KS",#2FC169,c20059
"Osage, KS",#2FC169,c20139
"Lyon, KS",#2FC169,c20111
"Chase, KS",#0CA44D,c20017
"Morris, KS",#2FC169,c20127
"Marion, KS",#2FC169,c20115
"McPherson, KS",#2FC169,c20113
"Rice, KS",#2FC169,c20159
"Saline, KS",#2FC169,c20169
"Ellsworth, KS",#2FC169,c20053
"Barton, KS",#2FC169,c20009
"Rush, KS",#2FC169,c20165
"Ness, KS",#78D79E,c20135
"Lane, KS",#2FC169,c20101
"Scott, KS",#2FC169,c20171
"Wichita, KS",#54CC84,c20203
"Logan, KS",#2FC169,c20109
"Gove, KS",#0CA44D,c20063
"Trego, KS",#0CA44D,c20195
"Ellis, KS",#2FC169,c20051
"Russell, KS",#2FC169,c20167
"Lincoln, KS",#2FC169,c20105
"Ottawa, KS",#2FC169,c20143
"Dickinson, KS",#2FC169,c20041
"Geary, KS",#0CA44D,c20061
"Wabaunsee, KS",#2FC169,c20197
"Shawnee, KS",#2FC169,c20177
"Douglas, KS",#2FC169,c20045
"Johnson, KS",#2FC169,c20091
"Wyandotte, KS",#2FC169,c20209
"Leavenworth, KS",#2FC169,c20103
"Jefferson, KS",#2FC169,c20087
"Atchison, KS",#78D79E,c20005
"Jackson, KS",#2FC169,c20085
"Pottawatomie, KS",#2FC169,c20149
"Riley, KS",#2FC169,c20161
"Clay, KS",#0CA44D,c20027
"Cloud, KS",#0CA44D,c20029
"Mitchell, KS",#2FC169,c20123
"Osborne, KS",#2FC169,c20141
"Rooks, KS",#2FC169,c20163
"Graham, KS",#0CA44D,c20065
"Sheridan, KS",#2FC169,c20179
"Thomas, KS",#FFFFFF,c20193
"Rawlins, KS",#0F934A,c20153
"Decatur, KS",#2FC169,c20039
"Phillips, KS",#2FC169,c20147
"Norton, KS",#54CC84,c20137
"Smith, KS",#2FC169,c20183
"Jewell, KS",#2FC169,c20089
"Republic, KS",#0F934A,c20157
"Washington, KS",#2FC169,c20201
"Marshall, KS",#2FC169,c20117
"Nemaha, KS",#78D79E,c20131
"Hickman, KY",#54CC84,c21105
"Fulton, KY",#2FC169,c21075
"Bell, KY",#2FC169,c21013
"Knox, KY",#2FC169,c21121
"Whitley, KY",#2FC169,c21235
"Laurel, KY",#2FC169,c21125
"Clay, KY",#0CA44D,c21051
"Leslie, KY",#2FC169,c21131
"Harlan, KY",#2FC169,c21095
"Letcher, KY",#2FC169,c21133
"Knott, KY",#2FC169,c21119
"Perry, KY",#2FC169,c21193
"Owsley, KY",#2FC169,c21189
"Jackson, KY",#2FC169,c21109
"Estill, KY",#2FC169,c21065
"Lee, KY",#2FC169,c21129
"Breathitt, KY",#2FC169,c21025
"Floyd, KY",#2FC169,c21071
"Johnson, KY",#2FC169,c21115
"Magoffin, KY",#2FC169,c21153
"Wolfe, KY",#54CC84,c21237
"Powell, KY",#2FC169,c21197
"Clark, KY",#0CA44D,c21049
"Montgomery, KY",#2FC169,c21173
"Menifee, KY",#2FC169,c21165
"Morgan, KY",#2FC169,c21175
"Elliott, KY",#2FC169,c21063
"Rowan, KY",#2FC169,c21205
"Bath, KY",#2FC169,c21011
"Nicholas, KY",#FFFFFF,c21181
"Fleming, KY",#2FC169,c21069
"Robertson, KY",#2FC169,c21201
"Bracken, KY",#2FC169,c21023
"Mason, KY",#2FC169,c21161
"Lewis, KY",#2FC169,c21135
"Boyd, KY",#2FC169,c21019
"Greenup, KY",#0CA44D,c21089
"Carter, KY",#0CA44D,c21043
"Lawrence, KY",#2FC169,c21127
"Martin, KY",#2FC169,c21159
"Pike, KY",#2FC169,c21195
"Harrison, KY",#2FC169,c21097
"Bourbon, KY",#2FC169,c21017
"Madison, KY",#2FC169,c21151
"Rockcastle, KY",#2FC169,c21203
"McCreary, KY",#2FC169,c21147
"Lincoln, KY",#2FC169,c21137
"Garrard, KY",#0CA44D,c21079
"Jessamine, KY",#2FC169,c21113
"Fayette, KY",#2FC169,c21067
"Woodford, KY",#54CC84,c21239
"Scott, KY",#2FC169,c21209
"Franklin, KY",#2FC169,c21073
"Anderson, KY",#0F934A,c21005
"Mercer, KY",#2FC169,c21167
"Boyle, KY",#2FC169,c21021
"Casey, KY",#0CA44D,c21045
"Pulaski, KY",#0F934A,c21199
"Wayne, KY",#2FC169,c21231
"Russell, KY",#2FC169,c21207
"Clinton, KY",#0CA44D,c21053
"Cumberland, KY",#2FC169,c21057
"Adair, KY",#FFFFFF,c21001
"Taylor, KY",#FFFFFF,c21217
"Marion, KY",#2FC169,c21155
"Washington, KY",#2FC169,c21229
"Spencer, KY",#2FC169,c21215
"Shelby, KY",#2FC169,c21211
"Henry, KY",#2FC169,c21103
"Owen, KY",#2FC169,c21187
"Grant, KY",#0CA44D,c21081
"Pendleton, KY",#2FC169,c21191
"Campbell, KY",#0CA44D,c21037
"Kenton, KY",#2FC169,c21117
"Boone, KY",#2FC169,c21015
"Gallatin, KY",#0CA44D,c21077
"Carroll, KY",#0CA44D,c21041
"Trimble, KY",#0CA44D,c21223
"Oldham, KY",#2FC169,c21185
"Jefferson, KY",#2FC169,c21111
"Bullitt, KY",#2FC169,c21029
"Nelson, KY",#78D79E,c21179
"Larue, KY",#2FC169,c21123
"Green, KY",#0CA44D,c21087
"Metcalfe, KY",#2FC169,c21169
"Monroe, KY",#2FC169,c21171
"Simpson, KY",#2FC169,c21213
"Allen, KY",#0F934A,c21003
"Barren, KY",#2FC169,c21009
"Hart, KY",#2FC169,c21099
"Hardin, KY",#2FC169,c21093
"Meade, KY",#2FC169,c21163
"Hancock, KY",#2FC169,c21091
"Breckinridge, KY",#2FC169,c21027
"Grayson, KY",#0CA44D,c21085
"Edmonson, KY",#2FC169,c21061
"Warren, KY",#2FC169,c21227
"Butler, KY",#2FC169,c21031
"Logan, KY",#2FC169,c21141
"Todd, KY",#0CA44D,c21219
"Muhlenberg, KY",#2FC169,c21177
"Ohio, KY",#0F934A,c21183
"Daviess, KY",#2FC169,c21059
"McLean, KY",#2FC169,c21149
"Hopkins, KY",#54CC84,c21107
"Christian, KY",#0CA44D,c21047
"Trigg, KY",#0CA44D,c21221
"Lyon, KY",#2FC169,c21143
"Caldwell, KY",#0CA44D,c21033
"Webster, KY",#2FC169,c21233
"Henderson, KY",#2FC169,c21101
"Union, KY",#137046,c21225
"Crittenden, KY",#54CC84,c21055
"Livingston, KY",#2FC169,c21139
"Calloway, KY",#0CA44D,c21035
"Marshall, KY",#2FC169,c21157
"Graves, KY",#0CA44D,c21083
"McCracken, KY",#2FC169,c21145
"Carlisle, KY",#0CA44D,c21039
"Ballard, KY",#2FC169,c21007
"St. Tammany, LA",#2FC169,c22103
"Washington, LA",#2FC169,c22117
"Red River, LA",#0F934A,c22081
"Bienville, LA",#2FC169,c22013
"Lincoln, LA",#2FC169,c22061
"Jackson, LA",#2FC169,c22049
"Winn, LA",#54CC84,c22127
"Caldwell, LA",#0CA44D,c22021
"Ouachita, LA",#2FC169,c22073
"Richland, LA",#2FC169,c22083
"Franklin, LA",#2FC169,c22041
"Tensas, LA",#FFFFFF,c22107
"Madison, LA",#2FC169,c22065
"East Carroll, LA",#2FC169,c22035
"West Carroll, LA",#2FC169,c22123
"Morehouse, LA",#2FC169,c22067
"Union, LA",#137046,c22111
"Claiborne, LA",#0CA44D,c22027
"Webster, LA",#2FC169,c22119
"Bossier, LA",#2FC169,c22015
"Caddo, LA",#0CA44D,c22017
"De Soto, LA",#2FC169,c22031
"Sabine, LA",#2FC169,c22085
"Natchitoches, LA",#2FC169,c22069
"Grant, LA",#0CA44D,c22043
"LaSalle, LA",#2FC169,c22059
"Catahoula, LA",#0CA44D,c22025
"Concordia, LA",#54CC84,c22029
"Avoyelles, LA",#78D79E,c22009
"Rapides, LA",#0F934A,c22079
"Vernon, LA",#0F934A,c22115
"Evangeline, LA",#2FC169,c22039
"Allen, LA",#0F934A,c22003
"Beauregard, LA",#2FC169,c22011
"Jefferson Davis, LA",#2FC169,c22053
"Calcasieu, LA",#0CA44D,c22019
"Cameron, LA",#0CA44D,c22023
"Acadia, LA",#FFFFFF,c22001
"St. Landry, LA",#2FC169,c22097
"Pointe Coupee, LA",#2FC169,c22077
"West Baton Rouge, LA",#2FC169,c22121
"Lafayette, LA",#2FC169,c22055
"Vermilion, LA",#0F934A,c22113
"Iberia, LA",#2FC169,c22045
"Iberville, LA",#2FC169,c22047
"Assumption, LA",#78D79E,c22007
"St. Martin, LA",#2FC169,c22099
"St. Mary, LA",#2FC169,c22101
"Terrebonne, LA",#FFFFFF,c22109
"Lafourche, LA",#2FC169,c22057
"St. James, LA",#2FC169,c22093
"Ascension, LA",#78D79E,c22005
"East Baton Rouge, LA",#2FC169,c22033
"East Feliciana, LA",#2FC169,c22037
"St. Helena, LA",#2FC169,c22091
"Livingston, LA",#2FC169,c22063
"St. John the Baptist, LA",#2FC169,c22095
"St. Charles, LA",#2FC169,c22089
"Tangipahoa, LA",#FFFFFF,c22105
"Orleans, LA",#2FC169,c22071
"St. Bernard, LA",#2FC169,c22087
"Plaquemines, LA",#2FC169,c22075
"West Feliciana, LA",#2FC169,c22125
"Jefferson, LA",#2FC169,c22051
"Aroostook, ME",#0CA44D,c23003
"Piscataquis, ME",#2FC169,c23021
"Knox, ME",#2FC169,c23013
"Lincoln, ME",#2FC169,c23015
"Sagadahoc, ME",#2FC169,c23023
"Cumberland, ME",#2FC169,c23005
"York, ME",#2FC169,c23031
"Androscoggin, ME",#0F934A,c23001
"Oxford, ME",#2FC169,c23017
"Kennebec, ME",#2FC169,c23011
"Waldo, ME",#2FC169,c23027
"Hancock, ME",#2FC169,c23009
"Washington, ME",#2FC169,c23029
"Penobscot, ME",#2FC169,c23019
"Franklin, ME",#2FC169,c23007
"Somerset, ME",#2FC169,c23025
"Allegany, MD",#0F934A,c24001
"Garrett, MD",#0CA44D,c24023
"St. Mary's, MD",#2FC169,c24037
"Charles, MD",#0CA44D,c24017
"Worcester, MD",#54CC84,c24047
"Wicomico, MD",#54CC84,c24045
"Washington, MD",#2FC169,c24043
"Calvert, MD",#0CA44D,c24009
"Talbot, MD",#FFFFFF,c24041
"Caroline, MD",#0CA44D,c24011
"Kent, MD",#2FC169,c24029
"Baltimore City, MD",#2FC169,c24510
"Prince George's, MD",#0F934A,c24033
"Anne Arundel, MD",#0F934A,c24003
"Howard, MD",#54CC84,c24027
"Montgomery, MD",#2FC169,c24031
"Queen Anne's, MD",#0F934A,c24035
"Cecil, MD",#0CA44D,c24015
"Harford, MD",#2FC169,c24025
"Baltimore Co., MD",#2FC169,c24005
"Carroll, MD",#0CA44D,c24013
"Frederick, MD",#2FC169,c24021
"Somerset, MD",#2FC169,c24039
"Dorchester, MD",#2FC169,c24019
"Barnstable, MA",#2FC169,c25001
"Berkshire, MA",#2FC169,c25003
"Bristol, MA",#2FC169,c25005
"Dukes, MA",#2FC169,c25007
"Essex, MA",#2FC169,c25009
"Franklin, MA",#2FC169,c25011
"Hampden, MA",#2FC169,c25013
"Hampshire, MA",#2FC169,c25015
"Middlesex, MA",#2FC169,c25017
"Nantucket, MA",#2FC169,c25019
"Norfolk, MA",#54CC84,c25021
"Plymouth, MA",#2FC169,c25023
"Suffolk, MA",#FFFFFF,c25025
"Worcester, MA",#54CC84,c25027
"Gogebic, MI",#0CA44D,c26053
"Ontonagon, MI",#2FC169,c26131
"Monroe, MI",#2FC169,c26115
"Lenawee, MI",#2FC169,c26091
"Hillsdale, MI",#54CC84,c26059
"Branch, MI",#2FC169,c26023
"St. Joseph, MI",#2FC169,c26149
"Cass, MI",#0CA44D,c26027
"Berrien, MI",#2FC169,c26021
"Wayne, MI",#2FC169,c26163
"Washtenaw, MI",#2FC169,c26161
"Jackson, MI",#2FC169,c26075
"Calhoun, MI",#0CA44D,c26025
"Kalamazoo, MI",#2FC169,c26077
"Van Buren, MI",#0F934A,c26159
"Allegan, MI",#0F934A,c26005
"Barry, MI",#2FC169,c26015
"Eaton, MI",#2FC169,c26045
"Ingham, MI",#2FC169,c26065
"Livingston, MI",#2FC169,c26093
"Oakland, MI",#0CA44D,c26125
"Macomb, MI",#2FC169,c26099
"St. Clair, MI",#2FC169,c26147
"Lapeer, MI",#2FC169,c26087
"Genesee, MI",#0CA44D,c26049
"Shiawassee, MI",#2FC169,c26155
"Clinton, MI",#0CA44D,c26037
"Ionia, MI",#2FC169,c26067
"Ottawa, MI",#2FC169,c26139
"Muskegon, MI",#2FC169,c26121
"Kent, MI",#2FC169,c26081
"Montcalm, MI",#2FC169,c26117
"Gratiot, MI",#0CA44D,c26057
"Saginaw, MI",#2FC169,c26145
"Sanilac, MI",#2FC169,c26151
"Tuscola, MI",#0CA44D,c26157
"Huron, MI",#54CC84,c26063
"Bay, MI",#2FC169,c26017
"Midland, MI",#2FC169,c26111
"Isabella, MI",#2FC169,c26073
"Mecosta, MI",#2FC169,c26107
"Newaygo, MI",#78D79E,c26123
"Oceana, MI",#0CA44D,c26127
"Arenac, MI",#0CA44D,c26011
"Gladwin, MI",#0CA44D,c26051
"Clare, MI",#0CA44D,c26035
"Osceola, MI",#2FC169,c26133
"Lake, MI",#2FC169,c26085
"Mason, MI",#2FC169,c26105
"Iosco, MI",#2FC169,c26069
"Ogemaw, MI",#0CA44D,c26129
"Roscommon, MI",#2FC169,c26143
"Missaukee, MI",#2FC169,c26113
"Wexford, MI",#2FC169,c26165
"Manistee, MI",#2FC169,c26101
"Alcona, MI",#0F934A,c26001
"Oscoda, MI",#2FC169,c26135
"Crawford, MI",#54CC84,c26039
"Kalkaska, MI",#2FC169,c26079
"Grand Traverse, MI",#0CA44D,c26055
"Benzie, MI",#2FC169,c26019
"Leelanau, MI",#2FC169,c26089
"Alpena, MI",#0F934A,c26007
"Montmorency, MI",#2FC169,c26119
"Otsego, MI",#2FC169,c26137
"Antrim, MI",#0F934A,c26009
"Charlevoix, MI",#0CA44D,c26029
"Presque Isle, MI",#0F934A,c26141
"Cheboygan, MI",#0CA44D,c26031
"Emmet, MI",#2FC169,c26047
"Mackinac, MI",#2FC169,c26097
"Chippewa, MI",#0CA44D,c26033
"Luce, MI",#2FC169,c26095
"Schoolcraft, MI",#2FC169,c26153
"Alger, MI",#0F934A,c26003
"Delta, MI",#2FC169,c26041
"Menominee, MI",#2FC169,c26109
"Dickinson, MI",#2FC169,c26043
"Marquette, MI",#2FC169,c26103
"Iron, MI",#2FC169,c26071
"Keweenaw, MI",#2FC169,c26083
"Houghton, MI",#54CC84,c26061
"Baraga, MI",#2FC169,c26013
"Houston, MN",#54CC84,c27055
"Fillmore, MN",#2FC169,c27045
"Koochiching, MN",#2FC169,c27071
"Lake of the Woods, MN",#2FC169,c27077
"Roseau, MN",#2FC169,c27135
"Kittson, MN",#2FC169,c27069
"Red Lake, MN",#0F934A,c27125
"Pennington, MN",#2FC169,c27113
"Marshall, MN",#2FC169,c27089
"Polk, MN",#2FC169,c27119
"Norman, MN",#54CC84,c27107
"Mahnomen, MN",#2FC169,c27087
"Clearwater, MN",#0CA44D,c27029
"Beltrami, MN",#2FC169,c27007
"Cook, MN",#54CC84,c27031
"Lake, MN",#2FC169,c27075
"Itasca, MN",#2FC169,c27061
"Hubbard, MN",#54CC84,c27057
"Cass, MN",#0CA44D,c27021
"Wadena, MN",#2FC169,c27159
"Becker, MN",#2FC169,c27005
"Clay, MN",#0CA44D,c27027
"Wilkin, MN",#54CC84,c27167
"Otter Tail, MN",#2FC169,c27111
"St. Louis, MN",#2FC169,c27137
"Carlton, MN",#0CA44D,c27017
"Pine, MN",#2FC169,c27115
"Kanabec, MN",#2FC169,c27065
"Aitkin, MN",#FFFFFF,c27001
"Crow Wing, MN",#54CC84,c27035
"Morrison, MN",#2FC169,c27097
"Todd, MN",#0CA44D,c27153
"Douglas, MN",#2FC169,c27041
"Grant, MN",#0CA44D,c27051
"Traverse, MN",#0CA44D,c27155
"Big Stone, MN",#2FC169,c27011
"Swift, MN",#FFFFFF,c27151
"Stevens, MN",#FFFFFF,c27149
"Pope, MN",#2FC169,c27121
"Stearns, MN",#FFFFFF,c27145
"Benton, MN",#2FC169,c27009
"Mille Lacs, MN",#2FC169,c27095
"Isanti, MN",#2FC169,c27059
"Chisago, MN",#0CA44D,c27025
"Ramsey, MN",#0F934A,c27123
"Anoka, MN",#0F934A,c27003
"Sherburne, MN",#2FC169,c27141
"Wright, MN",#54CC84,c27171
"Meeker, MN",#2FC169,c27093
"Kandiyohi, MN",#2FC169,c27067
"Chippewa, MN",#0CA44D,c27023
"Washington, MN",#2FC169,c27163
"Dakota, MN",#2FC169,c27037
"Hennepin, MN",#2FC169,c27053
"Scott, MN",#2FC169,c27139
"Carver, MN",#0CA44D,c27019
"McLeod, MN",#2FC169,c27085
"Sibley, MN",#2FC169,c27143
"Renville, MN",#0F934A,c27129
"Lac qui Parle, MN",#2FC169,c27073
"Yellow Medicine, MN",#2FC169,c27173
"Lincoln, MN",#2FC169,c27081
"Lyon, MN",#2FC169,c27083
"Redwood, MN",#0F934A,c27127
"Brown, MN",#2FC169,c27015
"Nicollet, MN",#FFFFFF,c27103
"Le Sueur, MN",#2FC169,c27079
"Rice, MN",#2FC169,c27131
"Goodhue, MN",#0CA44D,c27049
"Wabasha, MN",#2FC169,c27157
"Winona, MN",#54CC84,c27169
"Olmsted, MN",#2FC169,c27109
"Dodge, MN",#2FC169,c27039
"Steele, MN",#FFFFFF,c27147
"Waseca, MN",#2FC169,c27161
"Blue Earth, MN",#2FC169,c27013
"Watonwan, MN",#2FC169,c27165
"Cottonwood, MN",#54CC84,c27033
"Murray, MN",#2FC169,c27101
"Pipestone, MN",#2FC169,c27117
"Rock, MN",#2FC169,c27133
"Nobles, MN",#54CC84,c27105
"Jackson, MN",#2FC169,c27063
"Martin, MN",#2FC169,c27091
"Faribault, MN",#2FC169,c27043
"Freeborn, MN",#2FC169,c27047
"Mower, MN",#2FC169,c27099
"Harrison, MS",#2FC169,c28047
"Jackson, MS",#2FC169,c28059
"Grenada, MS",#0CA44D,c28043
"Yalobusha, MS",#2FC169,c28161
"Clay, MS",#0CA44D,c28025
"Webster, MS",#2FC169,c28155
"Chickasaw, MS",#0CA44D,c28017
"Calhoun, MS",#0CA44D,c28013
"Pontotoc, MS",#2FC169,c28115
"Lee, MS",#2FC169,c28081
"Union, MS",#137046,c28145
"Lafayette, MS",#2FC169,c28071
"Tate, MS",#FFFFFF,c28137
"Panola, MS",#2FC169,c28107
"Quitman, MS",#0F934A,c28119
"Tallahatchie, MS",#FFFFFF,c28135
"Leflore, MS",#2FC169,c28083
"Sunflower, MS",#FFFFFF,c28133
"Humphreys, MS",#54CC84,c28053
"Holmes, MS",#54CC84,c28051
"Carroll, MS",#0CA44D,c28015
"Montgomery, MS",#2FC169,c28097
"Choctaw, MS",#0CA44D,c28019
"Oktibbeha, MS",#2FC169,c28105
"Lowndes, MS",#2FC169,c28087
"Monroe, MS",#2FC169,c28095
"Itawamba, MS",#2FC169,c28057
"Prentiss, MS",#0F934A,c28117
"Tishomingo, MS",#FFFFFF,c28141
"Alcorn, MS",#0F934A,c28003
"Tippah, MS",#FFFFFF,c28139
"Benton, MS",#2FC169,c28009
"Marshall, MS",#2FC169,c28093
"DeSoto, MS",#2FC169,c28033
"Tunica, MS",#0CA44D,c28143
"Coahoma, MS",#54CC84,c28027
"Bolivar, MS",#2FC169,c28011
"Washington, MS",#2FC169,c28151
"Sharkey, MS",#2FC169,c28125
"Issaquena, MS",#2FC169,c28055
"Yazoo, MS",#2FC169,c28163
"Attala, MS",#78D79E,c28007
"Winston, MS",#54CC84,c28159
"Noxubee, MS",#54CC84,c28103
"Kemper, MS",#2FC169,c28069
"Neshoba, MS",#78D79E,c28099
"Leake, MS",#2FC169,c28079
"Madison, MS",#2FC169,c28089
"Rankin, MS",#0F934A,c28121
"Hinds, MS",#54CC84,c28049
"Warren, MS",#2FC169,c28149
"Jefferson, MS",#2FC169,c28063
"Claiborne, MS",#0CA44D,c28021
"Copiah, MS",#54CC84,c28029
"Simpson, MS",#2FC169,c28127
"Smith, MS",#2FC169,c28129
"Scott, MS",#2FC169,c28123
"Newton, MS",#78D79E,c28101
"Lauderdale, MS",#2FC169,c28075
"Clarke, MS",#0CA44D,c28023
"Jasper, MS",#2FC169,c28061
"Jones, MS",#2FC169,c28067
"Covington, MS",#54CC84,c28031
"Jefferson Davis, MS",#2FC169,c28065
"Lawrence, MS",#2FC169,c28077
"Lincoln, MS",#2FC169,c28085
"Franklin, MS",#2FC169,c28037
"Adams, MS",#FFFFFF,c28001
"Wilkinson, MS",#54CC84,c28157
"Amite, MS",#0F934A,c28005
"Pike, MS",#2FC169,c28113
"Walthall, MS",#2FC169,c28147
"Marion, MS",#2FC169,c28091
"Lamar, MS",#2FC169,c28073
"Forrest, MS",#2FC169,c28035
"Wayne, MS",#2FC169,c28153
"Greene, MS",#0CA44D,c28041
"Perry, MS",#2FC169,c28111
"Stone, MS",#FFFFFF,c28131
"Pearl River, MS",#2FC169,c28109
"Hancock, MS",#2FC169,c28045
"George, MS",#0CA44D,c28039
"New_Madrid, MO",#78D79E,c29143
"Pemiscot, MO",#2FC169,c29155
"Atchison, MO",#78D79E,c29005
"Holt, MO",#54CC84,c29087
"Platte, MO",#2FC169,c29165
"Buchanan, MO",#2FC169,c29021
"Andrew, MO",#0F934A,c29003
"Nodaway, MO",#54CC84,c29147
"Worth, MO",#54CC84,c29227
"Gentry, MO",#0CA44D,c29075
"DeKalb, MO",#2FC169,c29063
"Clinton, MO",#0CA44D,c29049
"Clay, MO",#0CA44D,c29047
"Caldwell, MO",#0CA44D,c29025
"Daviess, MO",#2FC169,c29061
"Harrison, MO",#2FC169,c29081
"Mercer, MO",#2FC169,c29129
"Grundy, MO",#0CA44D,c29079
"Livingston, MO",#2FC169,c29117
"Carroll, MO",#0CA44D,c29033
"Ray, MO",#0F934A,c29177
"Lafayette, MO",#2FC169,c29107
"Jackson, MO",#2FC169,c29095
"Johnson, MO",#2FC169,c29101
"Henry, MO",#2FC169,c29083
"Cass, MO",#0CA44D,c29037
"St. Clair, MO",#2FC169,c29185
"Bates, MO",#2FC169,c29013
"Cedar, MO",#0CA44D,c29039
"Vernon, MO",#0F934A,c29217
"Dade, MO",#2FC169,c29057
"Barton, MO",#2FC169,c29011
"Jasper, MO",#2FC169,c29097
"Newton, MO",#78D79E,c29145
"McDonald, MO",#2FC169,c29119
"Lawrence, MO",#2FC169,c29109
"Barry, MO",#2FC169,c29009
"Polk, MO",#2FC169,c29167
"Stone, MO",#FFFFFF,c29209
"Greene, MO",#0CA44D,c29077
"Taney, MO",#FFFFFF,c29213
"Christian, MO",#0CA44D,c29043
"Webster, MO",#2FC169,c29225
"Dallas, MO",#2FC169,c29059
"Hickory, MO",#54CC84,c29085
"Benton, MO",#2FC169,c29015
"Pettis, MO",#2FC169,c29159
"Saline, MO",#2FC169,c29195
"Chariton, MO",#0CA44D,c29041
"Linn, MO",#2FC169,c29115
"Sullivan, MO",#FFFFFF,c29211
"Putnam, MO",#0F934A,c29171
"Schuyler, MO",#2FC169,c29197
"Adair, MO",#FFFFFF,c29001
"Macon, MO",#2FC169,c29121
"Randolph, MO",#0F934A,c29175
"Howard, MO",#54CC84,c29089
"Cooper, MO",#54CC84,c29053
"Boone, MO",#2FC169,c29019
"Cole, MO",#54CC84,c29051
"Moniteau, MO",#2FC169,c29135
"Morgan, MO",#2FC169,c29141
"Miller, MO",#2FC169,c29131
"Camden, MO",#0CA44D,c29029
"Pulaski, MO",#0F934A,c29169
"Laclede, MO",#2FC169,c29105
"Wright, MO",#54CC84,c29229
"Douglas, MO",#2FC169,c29067
"Ozark, MO",#2FC169,c29153
"Howell, MO",#54CC84,c29091
"Texas, MO",#FFFFFF,c29215
"Phelps, MO",#2FC169,c29161
"Maries, MO",#2FC169,c29125
"Osage, MO",#2FC169,c29151
"Callaway, MO",#0CA44D,c29027
"Monroe, MO",#2FC169,c29137
"Shelby, MO",#2FC169,c29205
"Knox, MO",#2FC169,c29103
"Scotland, MO",#2FC169,c29199
"Clark, MO",#0CA44D,c29045
"Lewis, MO",#2FC169,c29111
"Marion, MO",#2FC169,c29127
"Ralls, MO",#0F934A,c29173
"Audrain, MO",#78D79E,c29007
"Montgomery, MO",#2FC169,c29139
"Pike, MO",#2FC169,c29163
"Lincoln, MO",#2FC169,c29113
"Warren, MO",#2FC169,c29219
"Gasconade, MO",#0CA44D,c29073
"Crawford, MO",#54CC84,c29055
"Dent, MO",#2FC169,c29065
"Shannon, MO",#2FC169,c29203
"Oregon, MO",#2FC169,c29149
"Ripley, MO",#2FC169,c29181
"Carter, MO",#0CA44D,c29035
"Reynolds, MO",#0F934A,c29179
"Iron, MO",#2FC169,c29093
"Washington, MO",#2FC169,c29221
"Franklin, MO",#2FC169,c29071
"St. Louis, MO",#2FC169,c29510
"St. Charles, MO",#2FC169,c29183
"St. Louis Co., MO",#2FC169,c29189
"Jefferson, MO",#2FC169,c29099
"St. Francois, MO",#2FC169,c29187
"Ste. Genevieve, MO",#FFFFFF,c29186
"Madison, MO",#2FC169,c29123
"Wayne, MO",#2FC169,c29223
"Butler, MO",#2FC169,c29023
"Dunklin, MO",#2FC169,c29069
"Stoddard, MO",#FFFFFF,c29207
"Bollinger, MO",#2FC169,c29017
"Perry, MO",#2FC169,c29157
"Cape Girardeau, MO",#0CA44D,c29031
"Scott, MO",#2FC169,c29201
"Mississippi, MO",#2FC169,c29133
"Sheridan, MT",#2FC169,c30091
"Roosevelt, MT",#2FC169,c30085
"Gallatin, MT",#0CA44D,c30031
"Madison, MT",#2FC169,c30057
"Broadwater, MT",#2FC169,c30007
"Jefferson, MT",#2FC169,c30043
"Silver Bow, MT",#2FC169,c30093
"Deer Lodge, MT",#2FC169,c30023
"Beaverhead, MT",#2FC169,c30001
"Ravalli, MT",#0F934A,c30081
"Granite, MT",#0CA44D,c30039
"Lewis and Clark, MT",#2FC169,c30049
"Powell, MT",#2FC169,c30077
"Lake, MT",#2FC169,c30047
"Missoula, MT",#2FC169,c30063
"Mineral, MT",#2FC169,c30061
"Sanders, MT",#2FC169,c30089
"Lincoln, MT",#2FC169,c30053
"Flathead, MT",#2FC169,c30029
"Glacier, MT",#0CA44D,c30035
"Liberty, MT",#2FC169,c30051
"Toole, MT",#0CA44D,c30101
"Pondera, MT",#2FC169,c30073
"Teton, MT",#FFFFFF,c30099
"Cascade, MT",#0CA44D,c30013
"Meagher, MT",#2FC169,c30059
"Park, MT",#2FC169,c30067
"Hill, MT",#54CC84,c30041
"Chouteau, MT",#0CA44D,c30015
"Judith Basin, MT",#2FC169,c30045
"Wheatland, MT",#2FC169,c30107
"Sweet Grass, MT",#FFFFFF,c30097
"Carbon, MT",#0CA44D,c30009
"Stillwater, MT",#FFFFFF,c30095
"Golden Valley, MT",#0CA44D,c30037
"Fergus, MT",#2FC169,c30027
"Blaine, MT",#2FC169,c30005
"Phillips, MT",#2FC169,c30071
"Petroleum, MT",#2FC169,c30069
"Musselshell, MT",#2FC169,c30065
"Yellowstone, MT",#2FC169,c30111
"Big Horn, MT",#2FC169,c30003
"Treasure, MT",#0CA44D,c30103
"Rosebud, MT",#2FC169,c30087
"Garfield, MT",#0CA44D,c30033
"Daniels, MT",#2FC169,c30019
"Valley, MT",#0F934A,c30105
"McCone, MT",#2FC169,c30055
"Prairie, MT",#0F934A,c30079
"Powder River, MT",#2FC169,c30075
"Custer, MT",#2FC169,c30017
"Carter, MT",#0CA44D,c30011
"Fallon, MT",#2FC169,c30025
"Wibaux, MT",#54CC84,c30109
"Dawson, MT",#2FC169,c30021
"Richland, MT",#2FC169,c30083
"Dawes, NE",#2FC169,c31045
"Sioux, NE",#2FC169,c31165
"Richardson, NE",#2FC169,c31147
"Pawnee, NE",#2FC169,c31133
"Nemaha, NE",#78D79E,c31127
"Johnson, NE",#2FC169,c31097
"Otoe, NE",#2FC169,c31131
"Cass, NE",#0CA44D,c31025
"Sarpy, NE",#2FC169,c31153
"Douglas, NE",#2FC169,c31055
"Washington, NE",#2FC169,c31177
"Burt, NE",#2FC169,c31021
"Thurston, NE",#FFFFFF,c31173
"Dakota, NE",#2FC169,c31043
"Dixon, NE",#2FC169,c31051
"Wayne, NE",#2FC169,c31179
"Pierce, NE",#2FC169,c31139
"Cedar, NE",#0CA44D,c31027
"Knox, NE",#2FC169,c31107
"Dodge, NE",#2FC169,c31053
"Colfax, NE",#54CC84,c31037
"Cuming, NE",#2FC169,c31039
"Stanton, NE",#2FC169,c31167
"Madison, NE",#2FC169,c31119
"Antelope, NE",#0F934A,c31003
"Boone, NE",#2FC169,c31011
"Platte, NE",#2FC169,c31141
"Saunders, NE",#2FC169,c31155
"Seward, NE",#2FC169,c31159
"Butler, NE",#2FC169,c31023
"Polk, NE",#2FC169,c31143
"York, NE",#2FC169,c31185
"Hamilton, NE",#2FC169,c31081
"Nance, NE",#2FC169,c31125
"Merrick, NE",#2FC169,c31121
"Hall, NE",#2FC169,c31079
"Howard, NE",#54CC84,c31093
"Sherman, NE",#2FC169,c31163
"Boyd, NE",#2FC169,c31015
"Holt, NE",#54CC84,c31089
"Valley, NE",#0F934A,c31175
"Greeley, NE",#0CA44D,c31077
"Wheeler, NE",#2FC169,c31183
"Garfield, NE",#0CA44D,c31071
"Loup, NE",#2FC169,c31115
"Rock, NE",#2FC169,c31149
"Keya Paha, NE",#2FC169,c31103
"Brown, NE",#2FC169,c31017
"Blaine, NE",#2FC169,c31009
"Custer, NE",#2FC169,c31041
"Buffalo, NE",#2FC169,c31019
"Dawson, NE",#2FC169,c31047
"Phelps, NE",#2FC169,c31137
"Kearney, NE",#2FC169,c31099
"Adams, NE",#FFFFFF,c31001
"Clay, NE",#0CA44D,c31035
"Fillmore, NE",#2FC169,c31059
"Saline, NE",#2FC169,c31151
"Lancaster, NE",#2FC169,c31109
"Gage, NE",#0CA44D,c31067
"Jefferson, NE",#2FC169,c31095
"Thayer, NE",#FFFFFF,c31169
"Nuckolls, NE",#54CC84,c31129
"Webster, NE",#2FC169,c31181
"Franklin, NE",#2FC169,c31061
"Harlan, NE",#2FC169,c31083
"Gosper, NE",#0CA44D,c31073
"Furnas, NE",#2FC169,c31065
"Red Willow, NE",#0F934A,c31145
"Hitchcock, NE",#54CC84,c31087
"Dundy, NE",#2FC169,c31057
"Frontier, NE",#2FC169,c31063
"Hayes, NE",#2FC169,c31085
"Chase, NE",#0CA44D,c31029
"Perkins, NE",#2FC169,c31135
"Lincoln, NE",#2FC169,c31111
"Keith, NE",#2FC169,c31101
"Logan, NE",#2FC169,c31113
"McPherson, NE",#2FC169,c31117
"Arthur, NE",#0CA44D,c31005
"Thomas, NE",#FFFFFF,c31171
"Hooker, NE",#54CC84,c31091
"Grant, NE",#0CA44D,c31075
"Deuel, NE",#2FC169,c31049
"Garden, NE",#0CA44D,c31069
"Cheyenne, NE",#0CA44D,c31033
"Morrill, NE",#2FC169,c31123
"Kimball, NE",#2FC169,c31105
"Banner, NE",#2FC169,c31007
"Scotts Bluff, NE",#2FC169,c31157
"Box Butte, NE",#2FC169,c31013
"Cherry, NE",#0CA44D,c31031
"Sheridan, NE",#2FC169,c31161
"Elko, NV",#2FC169,c32007
"White Pine, NV",#2FC169,c32033
"Clark, NV",#0CA44D,c32003
"Lincoln, NV",#2FC169,c32017
"Esmeralda, NV",#2FC169,c32009
"Nye, NV",#0CA44D,c32023
"Eureka, NV",#2FC169,c32011
"Lander, NV",#2FC169,c32015
"Mineral, NV",#2FC169,c32021
"Douglas, NV",#2FC169,c32005
"Carson City, NV",#0CA44D,c32510
"Lyon, NV",#2FC169,c32019
"Churchill, NV",#0CA44D,c32001
"Pershing, NV",#2FC169,c32027
"Storey, NV",#FFFFFF,c32029
"Washoe, NV",#2FC169,c32031
"Humboldt, NV",#54CC84,c32013
"Coos, NH",#54CC84,c33007
"Grafton, NH",#0CA44D,c33009
"Strafford, NH",#FFFFFF,c33017
"Rockingham, NH",#2FC169,c33015
"Cheshire, NH",#0CA44D,c33005
"Sullivan, NH",#FFFFFF,c33019
"Hillsborough, NH",#54CC84,c33011
"Belknap, NH",#2FC169,c33001
"Merrimack, NH",#2FC169,c33013
"Carroll, NH",#0CA44D,c33003
"Monmouth, NJ",#2FC169,c34025
"Ocean, NJ",#0CA44D,c34029
"Richmond, NY",#2FC169,c36085
"Essex, NJ",#2FC169,c34013
"Union, NJ",#137046,c34039
"Hudson, NJ",#54CC84,c34017
"Bergen, NJ",#2FC169,c34003
"Middlesex, NJ",#2FC169,c34023
"Somerset, NJ",#2FC169,c34035
"Morris, NJ",#2FC169,c34027
"Passaic, NJ",#2FC169,c34031
"Sussex, NJ",#FFFFFF,c34037
"Warren, NJ",#2FC169,c34041
"Hunterdon, NJ",#54CC84,c34019
"Mercer, NJ",#2FC169,c34021
"Camden, NJ",#0CA44D,c34007
"Gloucester, NJ",#0CA44D,c34015
"Salem, NJ",#2FC169,c34033
"Cumberland, NJ",#2FC169,c34011
"Cape May, NJ",#0CA44D,c34009
"Atlantic, NJ",#78D79E,c34001
"Burlington, NJ",#2FC169,c34005
"Lea, NM",#2FC169,c35025
"Eddy, NM",#2FC169,c35015
"Los Alamos, NM",#2FC169,c35028
"Rio Arriba, NM",#2FC169,c35039
"San Juan, NM",#2FC169,c35045
"McKinley, NM",#2FC169,c35031
"Bernalillo, NM",#2FC169,c35001
"Valencia, NM",#0F934A,c35061
"Cibola, NM",#0CA44D,c35006
"Sierra, NM",#2FC169,c35051
"Socorro, NM",#2FC169,c35053
"Catron, NM",#0CA44D,c35003
"Grant, NM",#0CA44D,c35017
"Hidalgo, NM",#54CC84,c35023
"Luna, NM",#2FC169,c35029
"Doa Ana, NM",#2FC169,c35013
"Taos, NM",#FFFFFF,c35055
"Santa Fe, NM",#2FC169,c35049
"Otero, NM",#2FC169,c35035
"Torrance, NM",#0CA44D,c35057
"Lincoln, NM",#2FC169,c35027
"Colfax, NM",#54CC84,c35007
"Mora, NM",#2FC169,c35033
"Union, NM",#137046,c35059
"Harding, NM",#2FC169,c35021
"San Miguel, NM",#2FC169,c35047
"Quay, NM",#0F934A,c35037
"Guadalupe, NM",#2FC169,c35019
"De Baca, NM",#2FC169,c35011
"Curry, NM",#2FC169,c35009
"Roosevelt, NM",#2FC169,c35041
"Chaves, NM",#0CA44D,c35005
"Sandoval, NM",#2FC169,c35043
"Clinton, NY",#0CA44D,c36019
"Essex, NY",#2FC169,c36031
"Orleans, NY",#2FC169,c36073
"Genesee, NY",#0CA44D,c36037
"Wyoming, NY",#2FC169,c36121
"Livingston, NY",#2FC169,c36051
"Schenectady, NY",#2FC169,c36093
"Montgomery, NY",#2FC169,c36057
"Fulton, NY",#2FC169,c36035
"Seneca, NY",#2FC169,c36099
"Ontario, NY",#2FC169,c36069
"Yates, NY",#2FC169,c36123
"Schuyler, NY",#2FC169,c36097
"Tompkins, NY",#0CA44D,c36109
"Cayuga, NY",#0CA44D,c36011
"Onondaga, NY",#2FC169,c36067
"Cortland, NY",#54CC84,c36023
"Chenango, NY",#0CA44D,c36017
"Madison, NY",#2FC169,c36053
"Oneida, NY",#2FC169,c36065
"Lewis, NY",#2FC169,c36049
"Herkimer, NY",#2FC169,c36043
"Otsego, NY",#2FC169,c36077
"Schoharie, NY",#2FC169,c36095
"Albany, NY",#0F934A,c36001
"Saratoga, NY",#2FC169,c36091
"Warren, NY",#2FC169,c36113
"Hamilton, NY",#2FC169,c36041
"Franklin, NY",#2FC169,c36033
"St. Lawrence, NY",#2FC169,c36089
"Jefferson, NY",#2FC169,c36045
"Oswego, NY",#2FC169,c36075
"Wayne, NY",#2FC169,c36117
"Monroe, NY",#2FC169,c36055
"Niagara, NY",#FFFFFF,c36063
"Erie, NY",#2FC169,c36029
"Chautauqua, NY",#0CA44D,c36013
"Cattaraugus, NY",#0CA44D,c36009
"Allegany, NY",#0F934A,c36003
"Steuben, NY",#FFFFFF,c36101
"Chemung, NY",#0CA44D,c36015
"Tioga, NY",#FFFFFF,c36107
"Broome, NY",#2FC169,c36007
"Delaware, NY",#2FC169,c36025
"Sullivan, NY",#FFFFFF,c36105
"Greene, NY",#0CA44D,c36039
"New_York, NY",#78D79E,c36061
"Ulster, NY",#137046,c36111
"Bronx, NY",#2FC169,c36005
"Kings, NY",#2FC169,c36047
"Rockland, NY",#2FC169,c36087
"Nassau, NY",#2FC169,c36059
"Orange, NY",#2FC169,c36071
"Queens, NY",#0F934A,c36081
"Suffolk, NY",#FFFFFF,c36103
"Westchester, NY",#2FC169,c36119
"Putnam, NY",#0F934A,c36079
"Dutchess, NY",#2FC169,c36027
"Columbia, NY",#54CC84,c36021
"Rensselaer, NY",#0F934A,c36083
"Washington, NY",#2FC169,c36115
"Clay, NC",#0CA44D,c37043
"Macon, NC",#2FC169,c37113
"Transylvania, NC",#0CA44D,c37175
"Jackson, NC",#2FC169,c37099
"Haywood, NC",#2FC169,c37087
"Swain, NC",#FFFFFF,c37173
"Graham, NC",#0CA44D,c37075
"Cherokee, NC",#0CA44D,c37039
"Mitchell, NC",#2FC169,c37121
"Yancey, NC",#2FC169,c37199
"Madison, NC",#2FC169,c37115
"Buncombe, NC",#2FC169,c37021
"Henderson, NC",#2FC169,c37089
"Polk, NC",#2FC169,c37149
"Rutherford, NC",#2FC169,c37161
"McDowell, NC",#2FC169,c37111
"Avery, NC",#78D79E,c37011
"Watauga, NC",#2FC169,c37189
"Alexander, NC",#0F934A,c37003
"Ashe, NC",#78D79E,c37009
"Alleghany, NC",#0F934A,c37005
"Wilkes, NC",#54CC84,c37193
"Caldwell, NC",#0CA44D,c37027
"Burke, NC",#2FC169,c37023
"Cleveland, NC",#0CA44D,c37045
"Gaston, NC",#0CA44D,c37071
"Lincoln, NC",#2FC169,c37109
"Catawba, NC",#0CA44D,c37035
"Iredell, NC",#2FC169,c37097
"Mecklenburg, NC",#2FC169,c37119
"Rowan, NC",#2FC169,c37159
"Davie, NC",#2FC169,c37059
"Yadkin, NC",#2FC169,c37197
"Surry, NC",#FFFFFF,c37171
"Stokes, NC",#FFFFFF,c37169
"Forsyth, NC",#2FC169,c37067
"Davidson, NC",#2FC169,c37057
"Stanly, NC",#2FC169,c37167
"Cabarrus, NC",#0CA44D,c37025
"Union, NC",#137046,c37179
"Anson, NC",#0F934A,c37007
"Rockingham, NC",#2FC169,c37157
"Guilford, NC",#2FC169,c37081
"Randolph, NC",#0F934A,c37151
"Montgomery, NC",#2FC169,c37123
"Richmond, NC",#2FC169,c37153
"Scotland, NC",#2FC169,c37165
"Caswell, NC",#0CA44D,c37033
"Alamance, NC",#0F934A,c37001
"Moore, NC",#2FC169,c37125
"Hoke, NC",#54CC84,c37093
"Robeson, NC",#2FC169,c37155
"Columbus, NC",#54CC84,c37047
"Brunswick, NC",#2FC169,c37019
"New_Hanover, NC",#78D79E,c37129
"Bladen, NC",#2FC169,c37017
"Cumberland, NC",#2FC169,c37051
"Chatham, NC",#0CA44D,c37037
"Harnett, NC",#2FC169,c37085
"Lee, NC",#2FC169,c37105
"Orange, NC",#2FC169,c37135
"Person, NC",#2FC169,c37145
"Durham, NC",#2FC169,c37063
"Pender, NC",#2FC169,c37141
"Sampson, NC",#2FC169,c37163
"Wayne, NC",#2FC169,c37191
"Johnston, NC",#2FC169,c37101
"Wake, NC",#2FC169,c37183
"Granville, NC",#0CA44D,c37077
"Vance, NC",#0F934A,c37181
"Warren, NC",#2FC169,c37185
"Franklin, NC",#2FC169,c37069
"Nash, NC",#2FC169,c37127
"Northampton, NC",#54CC84,c37131
"Halifax, NC",#2FC169,c37083
"Edgecombe, NC",#2FC169,c37065
"Wilson, NC",#54CC84,c37195
"Greene, NC",#0CA44D,c37079
"Lenoir, NC",#2FC169,c37107
"Jones, NC",#2FC169,c37103
"Duplin, NC",#2FC169,c37061
"Onslow, NC",#2FC169,c37133
"Carteret, NC",#0CA44D,c37031
"Pamlico, NC",#2FC169,c37137
"Craven, NC",#54CC84,c37049
"Pitt, NC",#2FC169,c37147
"Martin, NC",#2FC169,c37117
"Chowan, NC",#0CA44D,c37041
"Hertford, NC",#2FC169,c37091
"Bertie, NC",#2FC169,c37015
"Gates, NC",#0CA44D,c37073
"Camden, NC",#0CA44D,c37029
"Pasquotank, NC",#2FC169,c37139
"Perquimans, NC",#2FC169,c37143
"Beaufort, NC",#2FC169,c37013
"Washington, NC",#2FC169,c37187
"Tyrrell, NC",#137046,c37177
"Currituck, NC",#2FC169,c37053
"Dare, NC",#2FC169,c37055
"Hyde, NC",#54CC84,c37095
"Cass, ND",#0CA44D,c38017
"Richland, ND",#2FC169,c38077
"Burke, ND",#2FC169,c38013
"Divide, ND",#2FC169,c38023
"Williams, ND",#54CC84,c38105
"Mountrail, ND",#2FC169,c38061
"McKenzie, ND",#2FC169,c38053
"Dunn, ND",#2FC169,c38025
"Stark, ND",#2FC169,c38089
"Golden Valley, ND",#0CA44D,c38033
"Billings, ND",#2FC169,c38007
"Bowman, ND",#2FC169,c38011
"Slope, ND",#2FC169,c38087
"Hettinger, ND",#2FC169,c38041
"Adams, ND",#FFFFFF,c38001
"Mercer, ND",#2FC169,c38057
"Grant, ND",#0CA44D,c38037
"Sioux, ND",#2FC169,c38085
"Morton, ND",#2FC169,c38059
"Oliver, ND",#2FC169,c38065
"Renville, ND",#0F934A,c38075
"Ward, ND",#2FC169,c38101
"McLean, ND",#2FC169,c38055
"Bottineau, ND",#2FC169,c38009
"McHenry, ND",#2FC169,c38049
"Sheridan, ND",#2FC169,c38083
"Burleigh, ND",#2FC169,c38015
"Emmons, ND",#2FC169,c38029
"McIntosh, ND",#2FC169,c38051
"Logan, ND",#2FC169,c38047
"Kidder, ND",#2FC169,c38043
"Wells, ND",#2FC169,c38103
"Pierce, ND",#2FC169,c38069
"Rolette, ND",#2FC169,c38079
"Towner, ND",#0CA44D,c38095
"Benson, ND",#2FC169,c38005
"Eddy, ND",#2FC169,c38027
"Foster, ND",#2FC169,c38031
"Stutsman, ND",#FFFFFF,c38093
"LaMoure, ND",#2FC169,c38045
"Dickey, ND",#2FC169,c38021
"Sargent, ND",#2FC169,c38081
"Ransom, ND",#0F934A,c38073
"Barnes, ND",#2FC169,c38003
"Griggs, ND",#0CA44D,c38039
"Steele, ND",#FFFFFF,c38091
"Nelson, ND",#78D79E,c38063
"Ramsey, ND",#0F934A,c38071
"Cavalier, ND",#0CA44D,c38019
"Pembina, ND",#2FC169,c38067
"Walsh, ND",#2FC169,c38099
"Grand Forks, ND",#0CA44D,c38035
"Traill, ND",#0CA44D,c38097
"Trumbull, OH",#0CA44D,c39155
"Ashtabula, OH",#78D79E,c39007
"Lawrence, OH",#2FC169,c39087
"Scioto, OH",#2FC169,c39145
"Adams, OH",#FFFFFF,c39001
"Pike, OH",#2FC169,c39131
"Jackson, OH",#2FC169,c39079
"Gallia, OH",#0CA44D,c39053
"Meigs, OH",#2FC169,c39105
"Vinton, OH",#78D79E,c39163
"Washington, OH",#2FC169,c39167
"Athens, OH",#78D79E,c39009
"Hocking, OH",#54CC84,c39073
"Ross, OH",#2FC169,c39141
"Highland, OH",#54CC84,c39071
"Brown, OH",#2FC169,c39015
"Clermont, OH",#0CA44D,c39025
"Hamilton, OH",#2FC169,c39061
"Clinton, OH",#0CA44D,c39027
"Warren, OH",#2FC169,c39165
"Butler, OH",#2FC169,c39017
"Preble, OH",#0F934A,c39135
"Montgomery, OH",#2FC169,c39113
"Greene, OH",#0CA44D,c39057
"Fayette, OH",#2FC169,c39047
"Pickaway, OH",#2FC169,c39129
"Fairfield, OH",#2FC169,c39045
"Perry, OH",#2FC169,c39127
"Monroe, OH",#2FC169,c39111
"Noble, OH",#54CC84,c39121
"Morgan, OH",#2FC169,c39115
"Muskingum, OH",#2FC169,c39119
"Belmont, OH",#2FC169,c39013
"Harrison, OH",#2FC169,c39067
"Guernsey, OH",#2FC169,c39059
"Coshocton, OH",#54CC84,c39031
"Licking, OH",#2FC169,c39089
"Delaware, OH",#2FC169,c39041
"Franklin, OH",#2FC169,c39049
"Madison, OH",#2FC169,c39097
"Clark, OH",#0CA44D,c39023
"Champaign, OH",#0CA44D,c39021
"Miami, OH",#2FC169,c39109
"Shelby, OH",#2FC169,c39149
"Darke, OH",#2FC169,c39037
"Mercer, OH",#2FC169,c39107
"Auglaize, OH",#78D79E,c39011
"Logan, OH",#2FC169,c39091
"Union, OH",#137046,c39159
"Marion, OH",#2FC169,c39101
"Morrow, OH",#2FC169,c39117
"Knox, OH",#2FC169,c39083
"Holmes, OH",#54CC84,c39075
"Tuscarawas, OH",#0CA44D,c39157
"Carroll, OH",#0CA44D,c39019
"Jefferson, OH",#2FC169,c39081
"Columbiana, OH",#54CC84,c39029
"Stark, OH",#2FC169,c39151
"Wayne, OH",#2FC169,c39169
"Ashland, OH",#78D79E,c39005
"Richland, OH",#2FC169,c39139
"Crawford, OH",#54CC84,c39033
"Wyandot, OH",#2FC169,c39175
"Hardin, OH",#2FC169,c39065
"Allen, OH",#0F934A,c39003
"Hancock, OH",#2FC169,c39063
"Putnam, OH",#0F934A,c39137
"Van Wert, OH",#0F934A,c39161
"Mahoning, OH",#2FC169,c39099
"Portage, OH",#2FC169,c39133
"Summit, OH",#FFFFFF,c39153
"Medina, OH",#2FC169,c39103
"Huron, OH",#54CC84,c39077
"Seneca, OH",#2FC169,c39147
"Sandusky, OH",#2FC169,c39143
"Wood, OH",#54CC84,c39173
"Henry, OH",#2FC169,c39069
"Paulding, OH",#2FC169,c39125
"Defiance, OH",#2FC169,c39039
"Geauga, OH",#0CA44D,c39055
"Lake, OH",#2FC169,c39085
"Cuyahoga, OH",#2FC169,c39035
"Lorain, OH",#2FC169,c39093
"Erie, OH",#2FC169,c39043
"Ottawa, OH",#2FC169,c39123
"Lucas, OH",#2FC169,c39095
"Fulton, OH",#2FC169,c39051
"Williams, OH",#54CC84,c39171
"Texas, OK",#FFFFFF,c40139
"Cimarron, OK",#0CA44D,c40025
"Ottawa, OK",#2FC169,c40115
"Craig, OK",#54CC84,c40035
"Mayes, OK",#2FC169,c40097
"Delaware, OK",#2FC169,c40041
"Adair, OK",#FFFFFF,c40001
"Cherokee, OK",#0CA44D,c40021
"Sequoyah, OK",#2FC169,c40135
"Haskell, OK",#2FC169,c40061
"Le Flore, OK",#2FC169,c40079
"Latimer, OK",#2FC169,c40077
"Pittsburg, OK",#2FC169,c40121
"Coal, OK",#54CC84,c40029
"Atoka, OK",#78D79E,c40005
"Pushmataha, OK",#0F934A,c40127
"McCurtain, OK",#2FC169,c40089
"Choctaw, OK",#0CA44D,c40023
"Bryan, OK",#2FC169,c40013
"Marshall, OK",#2FC169,c40095
"Johnston, OK",#2FC169,c40069
"Pontotoc, OK",#2FC169,c40123
"Garvin, OK",#0CA44D,c40049
"Murray, OK",#2FC169,c40099
"Love, OK",#2FC169,c40085
"Carter, OK",#0CA44D,c40019
"Jefferson, OK",#2FC169,c40067
"Stephens, OK",#FFFFFF,c40137
"Cotton, OK",#54CC84,c40033
"Comanche, OK",#54CC84,c40031
"Tillman, OK",#FFFFFF,c40141
"Jackson, OK",#2FC169,c40065
"Greer, OK",#0CA44D,c40055
"Kiowa, OK",#2FC169,c40075
"Harmon, OK",#2FC169,c40057
"Muskogee, OK",#2FC169,c40101
"McIntosh, OK",#2FC169,c40091
"Hughes, OK",#54CC84,c40063
"Seminole, OK",#2FC169,c40133
"Pottawatomie, OK",#2FC169,c40125
"Cleveland, OK",#0CA44D,c40027
"McClain, OK",#2FC169,c40087
"Grady, OK",#0CA44D,c40051
"Caddo, OK",#0CA44D,c40015
"Canadian, OK",#0CA44D,c40017
"Oklahoma, OK",#2FC169,c40109
"Lincoln, OK",#2FC169,c40081
"Okfuskee, OK",#2FC169,c40107
"Okmulgee, OK",#2FC169,c40111
"Wagoner, OK",#2FC169,c40145
"Rogers, OK",#2FC169,c40131
"Nowata, OK",#54CC84,c40105
"Washington, OK",#2FC169,c40147
"Tulsa, OK",#0CA44D,c40143
"Creek, OK",#54CC84,c40037
"Payne, OK",#2FC169,c40119
"Logan, OK",#2FC169,c40083
"Kingfisher, OK",#2FC169,c40073
"Blaine, OK",#2FC169,c40011
"Washita, OK",#2FC169,c40149
"Beckham, OK",#2FC169,c40009
"Custer, OK",#2FC169,c40039
"Dewey, OK",#2FC169,c40043
"Roger Mills, OK",#2FC169,c40129
"Ellis, OK",#2FC169,c40045
"Woodward, OK",#54CC84,c40153
"Major, OK",#2FC169,c40093
"Garfield, OK",#0CA44D,c40047
"Noble, OK",#54CC84,c40103
"Pawnee, OK",#2FC169,c40117
"Osage, OK",#2FC169,c40113
"Kay, OK",#2FC169,c40071
"Grant, OK",#0CA44D,c40053
"Alfalfa, OK",#0F934A,c40003
"Woods, OK",#54CC84,c40151
"Harper, OK",#2FC169,c40059
"Beaver, OK",#2FC169,c40007
"Clatsop, OR",#0CA44D,c41007
"Columbia, OR",#54CC84,c41009
"Curry, OR",#2FC169,c41015
"Coos, OR",#54CC84,c41011
"Josephine, OR",#2FC169,c41033
"Jackson, OR",#2FC169,c41029
"Douglas, OR",#2FC169,c41019
"Klamath, OR",#2FC169,c41035
"Lake, OR",#2FC169,c41037
"Harney, OR",#2FC169,c41025
"Malheur, OR",#2FC169,c41045
"Baker, OR",#2FC169,c41001
"Wallowa, OR",#2FC169,c41063
"Union, OR",#137046,c41061
"Grant, OR",#0CA44D,c41023
"Wheeler, OR",#2FC169,c41069
"Crook, OR",#54CC84,c41013
"Deschutes, OR",#2FC169,c41017
"Jefferson, OR",#2FC169,c41031
"Linn, OR",#2FC169,c41043
"Lane, OR",#2FC169,c41039
"Benton, OR",#2FC169,c41003
"Lincoln, OR",#2FC169,c41041
"Polk, OR",#2FC169,c41053
"Yamhill, OR",#2FC169,c41071
"Marion, OR",#2FC169,c41047
"Clackamas, OR",#0CA44D,c41005
"Umatilla, OR",#137046,c41059
"Morrow, OR",#2FC169,c41049
"Gilliam, OR",#0CA44D,c41021
"Sherman, OR",#2FC169,c41055
"Wasco, OR",#2FC169,c41065
"Hood River, OR",#54CC84,c41027
"Multnomah, OR",#2FC169,c41051
"Washington, OR",#2FC169,c41067
"Tillamook, OR",#FFFFFF,c41057
"Philadelphia, PA",#2FC169,c42101
"Bucks, PA",#2FC169,c42017
"Greene, PA",#0CA44D,c42059
"Fayette, PA",#2FC169,c42051
"Washington, PA",#2FC169,c42125
"Allegheny, PA",#0F934A,c42003
"Beaver, PA",#2FC169,c42007
"Lawrence, PA",#2FC169,c42073
"Butler, PA",#2FC169,c42019
"Armstrong, PA",#0CA44D,c42005
"Clarion, PA",#0CA44D,c42031
"Forest, PA",#2FC169,c42053
"Venango, PA",#0F934A,c42121
"Mercer, PA",#2FC169,c42085
"Crawford, PA",#54CC84,c42039
"Erie, PA",#2FC169,c42049
"Westmoreland, PA",#2FC169,c42129
"Indiana, PA",#2FC169,c42063
"Jefferson, PA",#2FC169,c42065
"Warren, PA",#2FC169,c42123
"McKean, PA",#2FC169,c42083
"Cameron, PA",#0CA44D,c42023
"Elk, PA",#2FC169,c42047
"Clearfield, PA",#0CA44D,c42033
"Blair, PA",#2FC169,c42013
"Cambria, PA",#0CA44D,c42021
"Somerset, PA",#2FC169,c42111
"Bedford, PA",#2FC169,c42009
"Fulton, PA",#2FC169,c42057
"Huntingdon, PA",#54CC84,c42061
"Franklin, PA",#2FC169,c42055
"Mifflin, PA",#2FC169,c42087
"Potter, PA",#2FC169,c42105
"Clinton, PA",#0CA44D,c42035
"Centre, PA",#0CA44D,c42027
"Union, PA",#137046,c42119
"Montour, PA",#2FC169,c42093
"Tioga, PA",#FFFFFF,c42117
"Lycoming, PA",#2FC169,c42081
"Wyoming, PA",#2FC169,c42131
"Sullivan, PA",#FFFFFF,c42113
"Columbia, PA",#54CC84,c42037
"Northumberland, PA",#54CC84,c42097
"Snyder, PA",#2FC169,c42109
"Juniata, PA",#2FC169,c42067
"Perry, PA",#2FC169,c42099
"Cumberland, PA",#2FC169,c42041
"Adams, PA",#FFFFFF,c42001
"York, PA",#2FC169,c42133
"Dauphin, PA",#2FC169,c42043
"Lebanon, PA",#2FC169,c42075
"Lancaster, PA",#2FC169,c42071
"Berks, PA",#2FC169,c42011
"Schuylkill, PA",#2FC169,c42107
"Carbon, PA",#0CA44D,c42025
"Luzerne, PA",#2FC169,c42079
"Lackawanna, PA",#2FC169,c42069
"Bradford, PA",#2FC169,c42015
"Susquehanna, PA",#FFFFFF,c42115
"Wayne, PA",#2FC169,c42127
"Pike, PA",#2FC169,c42103
"Monroe, PA",#2FC169,c42089
"Northampton, PA",#54CC84,c42095
"Lehigh, PA",#2FC169,c42077
"Delaware, PA",#2FC169,c42045
"Montgomery, PA",#2FC169,c42091
"Chester, PA",#0CA44D,c42029
"Kent, RI",#2FC169,c44003
"Providence, RI",#0F934A,c44007
"Bristol, RI",#2FC169,c44001
"Newport, RI",#78D79E,c44005
"Washington, RI",#2FC169,c44009
"Pickens, SC",#2FC169,c45077
"Oconee, SC",#0CA44D,c45073
"Beaufort, SC",#2FC169,c45013
"Hampton, SC",#2FC169,c45049
"Jasper, SC",#2FC169,c45053
"Marion, SC",#2FC169,c45067
"Dillon, SC",#2FC169,c45033
"Horry, SC",#54CC84,c45051
"Charleston, SC",#0CA44D,c45019
"Dorchester, SC",#2FC169,c45035
"Berkeley, SC",#2FC169,c45015
"Georgetown, SC",#0CA44D,c45043
"Clarendon, SC",#0CA44D,c45027
"Williamsburg, SC",#54CC84,c45089
"Florence, SC",#2FC169,c45041
"Marlboro, SC",#2FC169,c45069
"Darlington, SC",#2FC169,c45031
"Lee, SC",#2FC169,c45061
"Kershaw, SC",#2FC169,c45055
"Sumter, SC",#FFFFFF,c45085
"Calhoun, SC",#0CA44D,c45017
"Colleton, SC",#54CC84,c45029
"Allendale, SC",#0F934A,c45005
"Bamberg, SC",#2FC169,c45009
"Orangeburg, SC",#2FC169,c45075
"Barnwell, SC",#2FC169,c45011
"Aiken, SC",#FFFFFF,c45003
"Lexington, SC",#2FC169,c45063
"Richland, SC",#2FC169,c45079
"Fairfield, SC",#2FC169,c45039
"Newberry, SC",#78D79E,c45071
"Saluda, SC",#2FC169,c45081
"Edgefield, SC",#2FC169,c45037
"McCormick, SC",#2FC169,c45065
"Greenwood, SC",#0CA44D,c45047
"Laurens, SC",#2FC169,c45059
"Abbeville, SC",#FFFFFF,c45001
"Anderson, SC",#0F934A,c45007
"Union, SC",#137046,c45087
"Chesterfield, SC",#0CA44D,c45025
"Lancaster, SC",#2FC169,c45057
"Chester, SC",#0CA44D,c45023
"York, SC",#2FC169,c45091
"Cherokee, SC",#0CA44D,c45021
"Spartanburg, SC",#2FC169,c45083
"Greenville, SC",#0CA44D,c45045
"Perkins, SD",#2FC169,c46105
"Harding, SD",#2FC169,c46063
"Custer, SD",#2FC169,c46033
"Fall River, SD",#2FC169,c46047
"Oglala Lakota, SD",#0CA44D,c46102
"Bennett, SD",#2FC169,c46007
"Mellette, SD",#2FC169,c46095
"Todd, SD",#0CA44D,c46121
"Tripp, SD",#0CA44D,c46123
"Gregory, SD",#0CA44D,c46053
"Brule, SD",#2FC169,c46015
"Aurora, SD",#78D79E,c46003
"Davison, SD",#2FC169,c46035
"Douglas, SD",#2FC169,c46043
"Charles Mix, SD",#0CA44D,c46023
"Bon Homme, SD",#2FC169,c46009
"Yankton, SD",#2FC169,c46135
"Hutchinson, SD",#54CC84,c46067
"Hanson, SD",#2FC169,c46061
"McCook, SD",#2FC169,c46087
"Turner, SD",#0CA44D,c46125
"Clay, SD",#0CA44D,c46027
"Union, SD",#137046,c46127
"Lincoln, SD",#2FC169,c46083
"Minnehaha, SD",#2FC169,c46099
"Lyman, SD",#2FC169,c46085
"Jones, SD",#2FC169,c46075
"Jackson, SD",#2FC169,c46071
"Stanley, SD",#2FC169,c46117
"Haakon, SD",#2FC169,c46055
"Pennington, SD",#2FC169,c46103
"Lawrence, SD",#2FC169,c46081
"Butte, SD",#2FC169,c46019
"Meade, SD",#2FC169,c46093
"Ziebach, SD",#2FC169,c46137
"Dewey, SD",#2FC169,c46041
"Walworth, SD",#2FC169,c46129
"Potter, SD",#2FC169,c46107
"Sully, SD",#FFFFFF,c46119
"Hughes, SD",#54CC84,c46065
"Buffalo, SD",#2FC169,c46017
"Jerauld, SD",#2FC169,c46073
"Sanborn, SD",#2FC169,c46111
"Miner, SD",#2FC169,c46097
"Lake, SD",#2FC169,c46079
"Moody, SD",#2FC169,c46101
"Brookings, SD",#2FC169,c46011
"Hamlin, SD",#2FC169,c46057
"Kingsbury, SD",#2FC169,c46077
"Beadle, SD",#2FC169,c46005
"Hyde, SD",#54CC84,c46069
"Hand, SD",#2FC169,c46059
"Edmunds, SD",#2FC169,c46045
"Faulk, SD",#2FC169,c46049
"Spink, SD",#2FC169,c46115
"Clark, SD",#0CA44D,c46025
"Codington, SD",#54CC84,c46029
"Deuel, SD",#2FC169,c46039
"Grant, SD",#0CA44D,c46051
"Day, SD",#2FC169,c46037
"Roberts, SD",#2FC169,c46109
"Marshall, SD",#2FC169,c46091
"Brown, SD",#2FC169,c46013
"McPherson, SD",#2FC169,c46089
"Campbell, SD",#0CA44D,c46021
"Corson, SD",#54CC84,c46031
"Sullivan, TN",#FFFFFF,c47163
"Johnson, TN",#2FC169,c47091
"McNairy, TN",#2FC169,c47109
"Chester, TN",#0CA44D,c47023
"Hardeman, TN",#2FC169,c47069
"Fayette, TN",#2FC169,c47047
"Haywood, TN",#2FC169,c47075
"Madison, TN",#2FC169,c47113
"Crockett, TN",#54CC84,c47033
"Gibson, TN",#0CA44D,c47053
"Carroll, TN",#0CA44D,c47017
"Weakley, TN",#2FC169,c47183
"Obion, TN",#0CA44D,c47131
"Lake, TN",#2FC169,c47095
"Dyer, TN",#2FC169,c47045
"Lauderdale, TN",#2FC169,c47097
"Tipton, TN",#FFFFFF,c47167
"Shelby, TN",#2FC169,c47157
"Henderson, TN",#2FC169,c47077
"Henry, TN",#2FC169,c47079
"Benton, TN",#2FC169,c47005
"Decatur, TN",#2FC169,c47039
"Hardin, TN",#2FC169,c47071
"Lawrence, TN",#2FC169,c47099
"Wayne, TN",#2FC169,c47181
"Lewis, TN",#2FC169,c47101
"Perry, TN",#2FC169,c47135
"Hickman, TN",#54CC84,c47081
"Humphreys, TN",#54CC84,c47085
"Houston, TN",#54CC84,c47083
"Stewart, TN",#FFFFFF,c47161
"Montgomery, TN",#2FC169,c47125
"Robertson, TN",#2FC169,c47147
"Cheatham, TN",#0CA44D,c47021
"Dickson, TN",#2FC169,c47043
"Marshall, TN",#2FC169,c47117
"Williamson, TN",#54CC84,c47187
"Giles, TN",#0CA44D,c47055
"Maury, TN",#2FC169,c47119
"Lincoln, TN",#2FC169,c47103
"Moore, TN",#2FC169,c47127
"Bedford, TN",#2FC169,c47003
"Rutherford, TN",#2FC169,c47149
"Davidson, TN",#2FC169,c47037
"Sumner, TN",#FFFFFF,c47165
"Wilson, TN",#54CC84,c47189
"Cannon, TN",#0CA44D,c47015
"Coffee, TN",#54CC84,c47031
"Franklin, TN",#2FC169,c47051
"Marion, TN",#2FC169,c47115
"Sequatchie, TN",#2FC169,c47153
"Grundy, TN",#0CA44D,c47061
"Van Buren, TN",#0F934A,c47175
"Warren, TN",#2FC169,c47177
"White, TN",#2FC169,c47185
"DeKalb, TN",#2FC169,c47041
"Putnam, TN",#0F934A,c47141
"Trousdale, TN",#0CA44D,c47169
"Macon, TN",#2FC169,c47111
"Smith, TN",#2FC169,c47159
"Jackson, TN",#2FC169,c47087
"Overton, TN",#2FC169,c47133
"Clay, TN",#0CA44D,c47027
"Pickett, TN",#2FC169,c47137
"Bledsoe, TN",#2FC169,c47007
"Fentress, TN",#2FC169,c47049
"Cumberland, TN",#2FC169,c47035
"Rhea, TN",#0F934A,c47143
"Meigs, TN",#2FC169,c47121
"Hamilton, TN",#2FC169,c47065
"Bradley, TN",#2FC169,c47011
"Polk, TN",#2FC169,c47139
"Monroe, TN",#2FC169,c47123
"McMinn, TN",#2FC169,c47107
"Roane, TN",#2FC169,c47145
"Morgan, TN",#2FC169,c47129
"Scott, TN",#2FC169,c47151
"Campbell, TN",#0CA44D,c47013
"Anderson, TN",#0F934A,c47001
"Loudon, TN",#2FC169,c47105
"Blount, TN",#2FC169,c47009
"Sevier, TN",#2FC169,c47155
"Knox, TN",#2FC169,c47093
"Union, TN",#137046,c47173
"Claiborne, TN",#0CA44D,c47025
"Hancock, TN",#2FC169,c47067
"Grainger, TN",#0CA44D,c47057
"Hamblen, TN",#2FC169,c47063
"Jefferson, TN",#2FC169,c47089
"Cocke, TN",#54CC84,c47029
"Unicoi, TN",#137046,c47171
"Hawkins, TN",#2FC169,c47073
"Greene, TN",#0CA44D,c47059
"Washington, TN",#2FC169,c47179
"Carter, TN",#0CA44D,c47019
"Bowie, TX",#2FC169,c48037
"Red River, TX",#0F934A,c48387
"Crosby, TX",#54CC84,c48107
"Lubbock, TX",#2FC169,c48303
"Hockley, TX",#54CC84,c48219
"Cochran, TX",#54CC84,c48079
"Floyd, TX",#2FC169,c48153
"Hale, TX",#2FC169,c48189
"Lamb, TX",#2FC169,c48279
"Bailey, TX",#2FC169,c48017
"Briscoe, TX",#2FC169,c48045
"Swisher, TX",#FFFFFF,c48437
"Castro, TX",#0CA44D,c48069
"Parmer, TX",#2FC169,c48369
"Armstrong, TX",#0CA44D,c48011
"Randall, TX",#0F934A,c48381
"Deaf Smith, TX",#2FC169,c48117
"Carson, TX",#0CA44D,c48065
"Potter, TX",#2FC169,c48375
"Oldham, TX",#2FC169,c48359
"Hutchinson, TX",#54CC84,c48233
"Moore, TX",#2FC169,c48341
"Hartley, TX",#2FC169,c48205
"Hansford, TX",#2FC169,c48195
"Sherman, TX",#2FC169,c48421
"Dallam, TX",#2FC169,c48111
"Hudspeth, TX",#54CC84,c48229
"El Paso, TX",#2FC169,c48141
"Lynn, TX",#2FC169,c48305
"Terry, TX",#FFFFFF,c48445
"Yoakum, TX",#2FC169,c48501
"Dawson, TX",#2FC169,c48115
"Gaines, TX",#0CA44D,c48165
"Martin, TX",#2FC169,c48317
"Andrews, TX",#0F934A,c48003
"Midland, TX",#2FC169,c48329
"Ector, TX",#2FC169,c48135
"Crane, TX",#54CC84,c48103
"Presidio, TX",#0F934A,c48377
"Culberson, TX",#2FC169,c48109
"Ward, TX",#2FC169,c48475
"Winkler, TX",#54CC84,c48495
"Loving, TX",#2FC169,c48301
"Reeves, TX",#0F934A,c48389
"Jeff Davis, TX",#2FC169,c48243
"Brewster, TX",#2FC169,c48043
"Terrell, TX",#FFFFFF,c48443
"Pecos, TX",#2FC169,c48371
"Upton, TX",#137046,c48461
"Reagan, TX",#0F934A,c48383
"Glasscock, TX",#0CA44D,c48173
"Howard, TX",#54CC84,c48227
"Borden, TX",#2FC169,c48033
"Garza, TX",#0CA44D,c48169
"Scurry, TX",#2FC169,c48415
"Mitchell, TX",#2FC169,c48335
"Sterling, TX",#FFFFFF,c48431
"Irion, TX",#2FC169,c48235
"Crockett, TX",#54CC84,c48105
"Val Verde, TX",#0F934A,c48465
"Zapata, TX",#2FC169,c48505
"Jim Hogg, TX",#2FC169,c48247
"Starr, TX",#2FC169,c48427
"Willacy, TX",#54CC84,c48489
"Hidalgo, TX",#54CC84,c48215
"Brooks, TX",#2FC169,c48047
"Kenedy, TX",#2FC169,c48261
"Kleberg, TX",#2FC169,c48273
"Jim Wells, TX",#2FC169,c48249
"Nueces, TX",#54CC84,c48355
"San Patricio, TX",#2FC169,c48409
"Calhoun, TX",#0CA44D,c48057
"Refugio, TX",#0F934A,c48391
"Bee, TX",#2FC169,c48025
"Live Oak, TX",#2FC169,c48297
"McMullen, TX",#2FC169,c48311
"Duval, TX",#2FC169,c48131
"Webb, TX",#2FC169,c48479
"La Salle, TX",#2FC169,c48283
"Dimmit, TX",#2FC169,c48127
"Maverick, TX",#2FC169,c48323
"Kinney, TX",#2FC169,c48271
"Edwards, TX",#2FC169,c48137
"Real, TX",#0F934A,c48385
"Uvalde, TX",#2FC169,c48463
"Zavala, TX",#2FC169,c48507
"Frio, TX",#2FC169,c48163
"Goliad, TX",#0CA44D,c48175
"Victoria, TX",#78D79E,c48469
"DeWitt, TX",#2FC169,c48123
"Karnes, TX",#2FC169,c48255
"Wilson, TX",#54CC84,c48493
"Atascosa, TX",#78D79E,c48013
"Medina, TX",#2FC169,c48325
"Bandera, TX",#2FC169,c48019
"Kerr, TX",#2FC169,c48265
"Gillespie, TX",#0CA44D,c48171
"Blanco, TX",#2FC169,c48031
"Kendall, TX",#2FC169,c48259
"Bexar, TX",#2FC169,c48029
"Guadalupe, TX",#2FC169,c48187
"Comal, TX",#54CC84,c48091
"Hays, TX",#2FC169,c48209
"Caldwell, TX",#0CA44D,c48055
"Gonzales, TX",#0CA44D,c48177
"Lavaca, TX",#2FC169,c48285
"Jackson, TX",#2FC169,c48239
"Matagorda, TX",#2FC169,c48321
"Wharton, TX",#2FC169,c48481
"Colorado, TX",#54CC84,c48089
"Bastrop, TX",#2FC169,c48021
"Fayette, TX",#2FC169,c48149
"Lee, TX",#2FC169,c48287
"Austin, TX",#78D79E,c48015
"Washington, TX",#2FC169,c48477
"Waller, TX",#2FC169,c48473
"Fort Bend, TX",#2FC169,c48157
"Brazoria, TX",#2FC169,c48039
"Galveston, TX",#0CA44D,c48167
"Montgomery, TX",#2FC169,c48339
"Harris, TX",#2FC169,c48201
"Chambers, TX",#0CA44D,c48071
"Hardin, TX",#2FC169,c48199
"Liberty, TX",#2FC169,c48291
"Jefferson, TX",#2FC169,c48245
"Orange, TX",#2FC169,c48361
"Travis, TX",#0CA44D,c48453
"Kent, TX",#2FC169,c48263
"Kimble, TX",#2FC169,c48267
"Sutton, TX",#FFFFFF,c48435
"Schleicher, TX",#2FC169,c48413
"Menard, TX",#2FC169,c48327
"Mason, TX",#2FC169,c48319
"Llano, TX",#2FC169,c48299
"Burnet, TX",#2FC169,c48053
"Williamson, TX",#54CC84,c48491
"Burleson, TX",#2FC169,c48051
"San Jacinto, TX",#2FC169,c48407
"Walker, TX",#2FC169,c48471
"Grimes, TX",#0CA44D,c48185
"Brazos, TX",#2FC169,c48041
"Madison, TX",#2FC169,c48313
"Leon, TX",#2FC169,c48289
"Robertson, TX",#2FC169,c48395
"Milam, TX",#2FC169,c48331
"Bell, TX",#2FC169,c48027
"Coryell, TX",#54CC84,c48099
"Lampasas, TX",#2FC169,c48281
"Mills, TX",#2FC169,c48333
"San Saba, TX",#2FC169,c48411
"McCulloch, TX",#2FC169,c48307
"Concho, TX",#54CC84,c48095
"Tom Green, TX",#0CA44D,c48451
"Coke, TX",#54CC84,c48081
"Runnels, TX",#2FC169,c48399
"Coleman, TX",#54CC84,c48083
"Brown, TX",#2FC169,c48049
"Comanche, TX",#54CC84,c48093
"Hamilton, TX",#2FC169,c48193
"Bosque, TX",#2FC169,c48035
"Falls, TX",#2FC169,c48145
"McLennan, TX",#2FC169,c48309
"Hill, TX",#54CC84,c48217
"Limestone, TX",#2FC169,c48293
"Freestone, TX",#2FC169,c48161
"Navarro, TX",#2FC169,c48349
"Somervell, TX",#2FC169,c48425
"Ellis, TX",#2FC169,c48139
"Johnson, TX",#2FC169,c48251
"Hood, TX",#54CC84,c48221
"Erath, TX",#2FC169,c48143
"Eastland, TX",#2FC169,c48133
"Callahan, TX",#0CA44D,c48059
"Taylor, TX",#FFFFFF,c48441
"Nolan, TX",#54CC84,c48353
"Fisher, TX",#2FC169,c48151
"Jones, TX",#2FC169,c48253
"Shackelford, TX",#2FC169,c48417
"Stephens, TX",#FFFFFF,c48429
"Palo Pinto, TX",#2FC169,c48363
"Parker, TX",#2FC169,c48367
"Tarrant, TX",#FFFFFF,c48439
"Dallas, TX",#2FC169,c48113
"Rockwall, TX",#2FC169,c48397
"Kaufman, TX",#2FC169,c48257
"Rains, TX",#0F934A,c48379
"Van Zandt, TX",#0F934A,c48467
"Henderson, TX",#2FC169,c48213
"Anderson, TX",#0F934A,c48001
"Houston, TX",#54CC84,c48225
"Trinity, TX",#0CA44D,c48455
"Polk, TX",#2FC169,c48373
"Newton, TX",#78D79E,c48351
"Jasper, TX",#2FC169,c48241
"Tyler, TX",#137046,c48457
"Angelina, TX",#0F934A,c48005
"Sabine, TX",#2FC169,c48403
"San Augustine, TX",#2FC169,c48405
"Shelby, TX",#2FC169,c48419
"Nacogdoches, TX",#2FC169,c48347
"Cherokee, TX",#0CA44D,c48073
"Panola, TX",#2FC169,c48365
"Rusk, TX",#2FC169,c48401
"Gregg, TX",#0CA44D,c48183
"Smith, TX",#2FC169,c48423
"Wood, TX",#54CC84,c48499
"Harrison, TX",#2FC169,c48203
"Upshur, TX",#137046,c48459
"Camp, TX",#0CA44D,c48063
"Marion, TX",#2FC169,c48315
"Cass, TX",#0CA44D,c48067
"Morris, TX",#2FC169,c48343
"Titus, TX",#FFFFFF,c48449
"Franklin, TX",#2FC169,c48159
"Hopkins, TX",#54CC84,c48223
"Delta, TX",#2FC169,c48119
"Hunt, TX",#54CC84,c48231
"Collin, TX",#54CC84,c48085
"Denton, TX",#2FC169,c48121
"Wise, TX",#54CC84,c48497
"Jack, TX",#2FC169,c48237
"Young, TX",#2FC169,c48503
"Throckmorton, TX",#FFFFFF,c48447
"Haskell, TX",#2FC169,c48207
"Stonewall, TX",#FFFFFF,c48433
"Dickens, TX",#2FC169,c48125
"Motley, TX",#2FC169,c48345
"Hall, TX",#2FC169,c48191
"Donley, TX",#2FC169,c48129
"Gray, TX",#0CA44D,c48179
"Roberts, TX",#2FC169,c48393
"Ochiltree, TX",#0CA44D,c48357
"Lipscomb, TX",#2FC169,c48295
"Hemphill, TX",#2FC169,c48211
"Wheeler, TX",#2FC169,c48483
"Collingsworth, TX",#54CC84,c48087
"Childress, TX",#0CA44D,c48075
"Cottle, TX",#54CC84,c48101
"King, TX",#2FC169,c48269
"Knox, TX",#2FC169,c48275
"Foard, TX",#2FC169,c48155
"Hardeman, TX",#2FC169,c48197
"Archer, TX",#0CA44D,c48009
"Baylor, TX",#2FC169,c48023
"Wilbarger, TX",#54CC84,c48487
"Wichita, TX",#54CC84,c48485
"Clay, TX",#0CA44D,c48077
"Montague, TX",#2FC169,c48337
"Cooke, TX",#54CC84,c48097
"Fannin, TX",#2FC169,c48147
"Grayson, TX",#0CA44D,c48181
"Lamar, TX",#2FC169,c48277
"Aransas, TX",#0CA44D,c48007
"Cameron, TX",#0CA44D,c48061
"San Juan, UT",#2FC169,c49037
"Garfield, UT",#0CA44D,c49017
"Morgan, UT",#2FC169,c49029
"Davis, UT",#2FC169,c49011
"Weber, UT",#2FC169,c49057
"Rich, UT",#2FC169,c49033
"Cache, UT",#0CA44D,c49005
"Box Elder, UT",#2FC169,c49003
"Daggett, UT",#2FC169,c49009
"Salt Lake, UT",#2FC169,c49035
"Summit, UT",#FFFFFF,c49043
"Wasatch, UT",#2FC169,c49051
"Utah, UT",#2FC169,c49049
"Tooele, UT",#0CA44D,c49045
"Juab, UT",#2FC169,c49023
"Millard, UT",#2FC169,c49027
"Sevier, UT",#2FC169,c49041
"Sanpete, UT",#2FC169,c49039
"Carbon, UT",#0CA44D,c49007
"Duchesne, UT",#2FC169,c49013
"Uintah, UT",#137046,c49047
"Grand, UT",#0CA44D,c49019
"Emery, UT",#2FC169,c49015
"Wayne, UT",#2FC169,c49055
"Piute, UT",#2FC169,c49031
"Beaver, UT",#2FC169,c49001
"Iron, UT",#2FC169,c49021
"Washington, UT",#2FC169,c49053
"Kane, UT",#2FC169,c49025
"Essex, VT",#2FC169,c50009
"Orleans, VT",#2FC169,c50019
"Bennington, VT",#2FC169,c50003
"Grand Isle, VT",#0CA44D,c50013
"Washington, VT",#2FC169,c50023
"Caledonia, VT",#0CA44D,c50005
"Lamoille, VT",#2FC169,c50015
"Franklin, VT",#2FC169,c50011
"Chittenden, VT",#0CA44D,c50007
"Addison, VT",#FFFFFF,c50001
"Rutland, VT",#2FC169,c50021
"Windham, VT",#54CC84,c50025
"Windsor, VT",#54CC84,c50027
"Orange, VT",#2FC169,c50017
"Northampton, VA",#54CC84,c51131
"Buchanan, VA",#2FC169,c51027
"Tazewell, VA",#FFFFFF,c51185
"Smyth, VA",#2FC169,c51173
"Bristol, VA",#2FC169,c51520
"Washington, VA",#2FC169,c51191
"Russell, VA",#2FC169,c51167
"Norton, VA",#54CC84,c51720
"Wise, VA",#54CC84,c51195
"Dickenson, VA",#2FC169,c51051
"Scott, VA",#2FC169,c51169
"Lee, VA",#2FC169,c51105
"Bland, VA",#2FC169,c51021
"Grayson, VA",#0CA44D,c51077
"Galax, VA",#0CA44D,c51640
"Wythe, VA",#2FC169,c51197
"Giles, VA",#0CA44D,c51071
"Radford, VA",#0F934A,c51750
"Pulaski, VA",#0F934A,c51155
"Falls Church, VA",#2FC169,c51610
"Arlington, VA",#0CA44D,c51013
"Carroll, VA",#0CA44D,c51035
"Henry, VA",#2FC169,c51089
"Patrick, VA",#2FC169,c51141
"Floyd, VA",#2FC169,c51063
"Montgomery, VA",#2FC169,c51121
"Salem, VA",#2FC169,c51775
"Franklin Co., VA",#2FC169,c51067
"Bedford Co., VA",#2FC169,c51019
"Roanoke Co., VA",#2FC169,c51161
"Alleghany, VA",#0F934A,c51005
"Craig, VA",#54CC84,c51045
"Botetourt, VA",#2FC169,c51023
"Amherst, VA",#0F934A,c51009
"Rockbridge, VA",#2FC169,c51163
"Bath, VA",#2FC169,c51017
"Highland, VA",#54CC84,c51091
"Greene, VA",#0CA44D,c51079
"Rockingham, VA",#2FC169,c51165
"Augusta, VA",#78D79E,c51015
"Nelson, VA",#78D79E,c51125
"Buckingham, VA",#2FC169,c51029
"Appomattox, VA",#0F934A,c51011
"Campbell, VA",#0CA44D,c51031
"Halifax, VA",#2FC169,c51083
"Pittsylvania, VA",#2FC169,c51143
"Martinsville, VA",#2FC169,c51690
"Danville, VA",#2FC169,c51590
"Lynchburg, VA",#2FC169,c51680
"Roanoke, VA",#2FC169,c51770
"Buena Vista, VA",#2FC169,c51530
"Covington, VA",#54CC84,c51580
"Lexington, VA",#2FC169,c51678
"Waynesboro, VA",#2FC169,c51820
"Staunton, VA",#FFFFFF,c51790
"Charlottesville, VA",#0CA44D,c51540
"Harrisonburg, VA",#2FC169,c51660
"Albemarle, VA",#0F934A,c51003
"Fluvanna, VA",#2FC169,c51065
"Cumberland, VA",#2FC169,c51049
"Prince Edward, VA",#0F934A,c51147
"Charlotte, VA",#0CA44D,c51037
"Mecklenburg, VA",#2FC169,c51117
"Colonial Heights, VA",#54CC84,c51570
"Lunenburg, VA",#2FC169,c51111
"Hopewell, VA",#54CC84,c51670
"Alexandria, VA",#0F934A,c51510
"Page, VA",#2FC169,c51139
"Shenandoah, VA",#2FC169,c51171
"Clarke, VA",#0CA44D,c51043
"Winchester, VA",#54CC84,c51840
"Frederick, VA",#2FC169,c51069
"Warren, VA",#2FC169,c51187
"Prince William, VA",#0F934A,c51153
"Manassas Park, VA",#2FC169,c51685
"Accomack, VA",#FFFFFF,c51001
"Rappahannock, VA",#0F934A,c51157
"Madison, VA",#2FC169,c51113
"Louisa, VA",#2FC169,c51109
"Goochland, VA",#0CA44D,c51075
"Orange, VA",#2FC169,c51137
"Amelia, VA",#0F934A,c51007
"Powhatan, VA",#2FC169,c51145
"Nottoway, VA",#54CC84,c51135
"Brunswick, VA",#2FC169,c51025
"Dinwiddie, VA",#2FC169,c51053
"Emporia, VA",#2FC169,c51595
"Greensville, VA",#0CA44D,c51081
"Poquoson, VA",#2FC169,c51735
"Franklin, VA",#2FC169,c51620
"Southampton, VA",#2FC169,c51175
"Hampton, VA",#2FC169,c51650
"Williamsburg, VA",#54CC84,c51830
"Newport News, VA",#78D79E,c51700
"Portsmouth, VA",#2FC169,c51740
"York, VA",#2FC169,c51199
"James City, VA",#2FC169,c51095
"Surry, VA",#FFFFFF,c51181
"Sussex, VA",#FFFFFF,c51183
"Prince George, VA",#0F934A,c51149
"Petersburg, VA",#2FC169,c51730
"Henrico, VA",#2FC169,c51087
"Chesterfield, VA",#0CA44D,c51041
"Charles City, VA",#0CA44D,c51036
"New_Kent, VA",#78D79E,c51127
"Richmond, VA",#2FC169,c51760
"Fredericksburg, VA",#2FC169,c51630
"Fairfax, VA",#2FC169,c51600
"Manassas, VA",#2FC169,c51683
"Loudoun, VA",#2FC169,c51107
"Fauquier, VA",#2FC169,c51061
"Culpeper, VA",#2FC169,c51047
"Spotsylvania, VA",#2FC169,c51177
"Hanover, VA",#2FC169,c51085
"King William, VA",#2FC169,c51101
"King and Queen, VA",#2FC169,c51097
"Middlesex, VA",#2FC169,c51119
"Gloucester, VA",#0CA44D,c51073
"Lancaster, VA",#2FC169,c51103
"Richmond Co., VA",#2FC169,c51159
"Essex, VA",#2FC169,c51057
"Caroline, VA",#0CA44D,c51033
"Fairfax Co., VA",#2FC169,c51059
"Stafford, VA",#2FC169,c51179
"King George, VA",#2FC169,c51099
"Westmoreland, VA",#2FC169,c51193
"Northumberland, VA",#54CC84,c51133
"Mathews, VA",#2FC169,c51115
"Norfolk, VA",#54CC84,c51710
"Isle of Wight, VA",#2FC169,c51093
"Suffolk, VA",#FFFFFF,c51800
"Chesapeake, VA",#0CA44D,c51550
"Virginia Beach, VA",#78D79E,c51810
"Okanogan, WA",#2FC169,c53047
"Whatcom, WA",#2FC169,c53073
"Wahkiakum, WA",#2FC169,c53069
"Asotin, WA",#78D79E,c53003
"Garfield, WA",#0CA44D,c53023
"Columbia, WA",#54CC84,c53013
"Walla Walla, WA",#2FC169,c53071
"Franklin, WA",#2FC169,c53021
"Whitman, WA",#2FC169,c53075
"Spokane, WA",#2FC169,c53063
"Pend Oreille, WA",#2FC169,c53051
"Stevens, WA",#FFFFFF,c53065
"Lincoln, WA",#2FC169,c53043
"Adams, WA",#FFFFFF,c53001
"Grant, WA",#0CA44D,c53025
"Benton, WA",#2FC169,c53005
"Klickitat, WA",#2FC169,c53039
"Clark, WA",#0CA44D,c53011
"Skamania, WA",#2FC169,c53059
"Cowlitz, WA",#54CC84,c53015
"Pacific, WA",#2FC169,c53049
"Lewis, WA",#2FC169,c53041
"Thurston, WA",#FFFFFF,c53067
"Pierce, WA",#2FC169,c53053
"Yakima, WA",#2FC169,c53077
"Kittitas, WA",#2FC169,c53037
"Douglas, WA",#2FC169,c53017
"Ferry, WA",#2FC169,c53019
"San Juan, WA",#2FC169,c53055
"Island, WA",#2FC169,c53029
"Snohomish, WA",#2FC169,c53061
"King, WA",#2FC169,c53033
"Kitsap, WA",#2FC169,c53035
"Mason, WA",#2FC169,c53045
"Grays Harbor, WA",#0CA44D,c53027
"Jefferson, WA",#2FC169,c53031
"Clallam, WA",#0CA44D,c53009
"Skagit, WA",#2FC169,c53057
"Chelan, WA",#0CA44D,c53007
"Berkeley, WV",#2FC169,c54003
"Jefferson, WV",#2FC169,c54037
"Cabell, WV",#0CA44D,c54011
"Mingo, WV",#2FC169,c54059
"Wayne, WV",#2FC169,c54099
"Wyoming, WV",#2FC169,c54109
"Logan, WV",#2FC169,c54045
"McDowell, WV",#2FC169,c54047
"Mercer, WV",#2FC169,c54055
"Monroe, WV",#2FC169,c54063
"Summers, WV",#FFFFFF,c54089
"Raleigh, WV",#0F934A,c54081
"Boone, WV",#2FC169,c54005
"Lincoln, WV",#2FC169,c54043
"Putnam, WV",#0F934A,c54079
"Mason, WV",#2FC169,c54053
"Jackson, WV",#2FC169,c54035
"Kanawha, WV",#2FC169,c54039
"Fayette, WV",#2FC169,c54019
"Clay, WV",#0CA44D,c54015
"Roane, WV",#2FC169,c54087
"Calhoun, WV",#0CA44D,c54013
"Wirt, WV",#54CC84,c54105
"Wood, WV",#54CC84,c54107
"Pleasants, WV",#2FC169,c54073
"Ritchie, WV",#2FC169,c54085
"Gilmer, WV",#0CA44D,c54021
"Braxton, WV",#2FC169,c54007
"Nicholas, WV",#FFFFFF,c54067
"Greenbrier, WV",#0CA44D,c54025
"Webster, WV",#2FC169,c54101
"Upshur, WV",#137046,c54097
"Lewis, WV",#2FC169,c54041
"Doddridge, WV",#2FC169,c54017
"Tyler, WV",#137046,c54095
"Harrison, WV",#2FC169,c54033
"Hancock, WV",#2FC169,c54029
"Brooke, WV",#2FC169,c54009
"Ohio, WV",#0F934A,c54069
"Marshall, WV",#2FC169,c54051
"Wetzel, WV",#2FC169,c54103
"Marion, WV",#2FC169,c54049
"Barbour, WV",#2FC169,c54001
"Taylor, WV",#FFFFFF,c54091
"Monongalia, WV",#2FC169,c54061
"Pocahontas, WV",#2FC169,c54075
"Preston, WV",#0F934A,c54077
"Randolph, WV",#0F934A,c54083
"Pendleton, WV",#2FC169,c54071
"Tucker, WV",#0CA44D,c54093
"Grant, WV",#0CA44D,c54023
"Hardy, WV",#2FC169,c54031
"Mineral, WV",#2FC169,c54057
"Hampshire, WV",#2FC169,c54027
"Morgan, WV",#2FC169,c54065
"Adams, WI",#FFFFFF,c55001
"Ashland, WI",#78D79E,c55003
"Barron, WI",#2FC169,c55005
"Bayfield, WI",#2FC169,c55007
"Burnett, WI",#2FC169,c55013
"Buffalo, WI",#2FC169,c55011
"Chippewa, WI",#0CA44D,c55017
"Clark, WI",#0CA44D,c55019
"Door, WI",#2FC169,c55029
"Douglas, WI",#2FC169,c55031
"Dunn, WI",#2FC169,c55033
"Eau Claire, WI",#2FC169,c55035
"Iron, WI",#2FC169,c55051
"Jackson, WI",#2FC169,c55053
"Kewaunee, WI",#2FC169,c55061
"Langlade, WI",#2FC169,c55067
"Lincoln, WI",#2FC169,c55069
"Marathon, WI",#2FC169,c55073
"Oneida, WI",#2FC169,c55085
"Pepin, WI",#2FC169,c55091
"Pierce, WI",#2FC169,c55093
"Polk, WI",#2FC169,c55095
"Price, WI",#0F934A,c55099
"Rusk, WI",#2FC169,c55107
"St. Croix, WI",#2FC169,c55109
"Sawyer, WI",#2FC169,c55113
"Taylor, WI",#FFFFFF,c55119
"Trempealeau, WI",#0CA44D,c55121
"Vilas, WI",#78D79E,c55125
"Washburn, WI",#2FC169,c55129
"Wood, WI",#54CC84,c55141
"Juneau, WI",#2FC169,c55057
"Monroe, WI",#2FC169,c55081
"La Crosse, WI",#2FC169,c55063
"Vernon, WI",#0F934A,c55123
"Sauk, WI",#2FC169,c55111
"Richland, WI",#2FC169,c55103
"Crawford, WI",#54CC84,c55023
"Iowa, WI",#2FC169,c55049
"Grant, WI",#0CA44D,c55043
"Lafayette, WI",#2FC169,c55065
"Green, WI",#0CA44D,c55045
"Marquette, WI",#2FC169,c55077
"Portage, WI",#2FC169,c55097
"Waupaca, WI",#2FC169,c55135
"Waushara, WI",#2FC169,c55137
"Green Lake, WI",#0CA44D,c55047
"Columbia, WI",#54CC84,c55021
"Dane, WI",#2FC169,c55025
"Rock, WI",#2FC169,c55105
"Kenosha, WI",#2FC169,c55059
"Racine, WI",#0F934A,c55101
"Walworth, WI",#2FC169,c55127
"Dodge, WI",#2FC169,c55027
"Jefferson, WI",#2FC169,c55055
"Waukesha, WI",#2FC169,c55133
"Milwaukee, WI",#2FC169,c55079
"Ozaukee, WI",#2FC169,c55089
"Washington, WI",#2FC169,c55131
"Winnebago, WI",#54CC84,c55139
"Fond du Lac, WI",#2FC169,c55039
"Sheboygan, WI",#2FC169,c55117
"Calumet, WI",#0CA44D,c55015
"Manitowoc, WI",#2FC169,c55071
"Brown, WI",#2FC169,c55009
"Outagamie, WI",#2FC169,c55087
"Shawano, WI",#2FC169,c55115
"Menominee, WI",#2FC169,c55078
"Oconto, WI",#0CA44D,c55083
"Forest, WI",#2FC169,c55041
"Florence, WI",#2FC169,c55037
"Marinette, WI",#2FC169,c55075
"Laramie, WY",#2FC169,c56021
"Goshen, WY",#0CA44D,c56015
"Teton, WY",#FFFFFF,c56039
"Lincoln, WY",#2FC169,c56023
"Uinta, WY",#137046,c56041
"Sublette, WY",#FFFFFF,c56035
"Park, WY",#2FC169,c56029
"Sweetwater, WY",#FFFFFF,c56037
"Fremont, WY",#2FC169,c56013
"Hot Springs, WY",#54CC84,c56017
"Washakie, WY",#2FC169,c56043
"Big Horn, WY",#2FC169,c56003
"Sheridan, WY",#2FC169,c56033
"Johnson, WY",#2FC169,c56019
"Natrona, WY",#2FC169,c56025
"Carbon, WY",#0CA44D,c56007
"Albany, WY",#0F934A,c56001
"Weston, WY",#2FC169,c56045
"Crook, WY",#54CC84,c56011
"Campbell, WY",#0CA44D,c56005
"Converse, WY",#54CC84,c56009
"Niobrara, WY",#FFFFFF,c56027
"Platte, WY",#2FC169,c56031
"Washington, DC",#2FC169,c11001